Sample,Site,Date,Week,Year,Graph-Title
WWS-00001,Site-15,11/11/2021,11/08/2021,2021,"Site 15"
WWS-00002,Site-13,11/11/2021,11/08/2021,2021,"Site 13"
WWS-00003,Site-16,11/11/2021,11/08/2021,2021,"Site 16"
WWS-00017,Theresa-St,12/02/2021,11/29/2021,2021,"Theresa St. Lincoln, NE"
WWS-00024,Site-15,12/09/2021,12/06/2021,2021,"Site 15"
WWS-00025,Site-13,11/29/2021,11/29/2021,2021,"Site 13"
WWS-00026,Theresa-St,12/09/2021,12/06/2021,2021,"Theresa St. Lincoln, NE"
WWS-00027,Theresa-St,12/07/2021,12/06/2021,2021,"Theresa St. Lincoln, NE"
WWS-00028,Missouri-River,12/15/2021,12/13/2021,2021,"Missouri River Omaha, NE"
WWS-00029,Theresa-St,12/14/2021,12/13/2021,2021,"Theresa St. Lincoln, NE"
WWS-00030,Missouri-River,12/13/2021,12/13/2021,2021,"Missouri River Omaha, NE"
WWS-00031,Papillion-Creek,12/13/2021,12/13/2021,2021,"Papillion Creek Papillion, NE"
WWS-00032,Papillion-Creek,12/15/2021,12/13/2021,2021,"Papillion Creek Papillion, NE"
WWS-00033,Eppley,12/14/2021,12/13/2021,2021,"Eppley Airfield Omaha, NE"
WWS-00034,Theresa-St,12/16/2021,12/13/2021,2021,"Theresa St. Lincoln, NE"
WWS-00035,Theresa-St,12/21/2021,12/20/2021,2021,"Theresa St. Lincoln, NE"
WWS-00036,Theresa-St,12/23/2021,12/20/2021,2021,"Theresa St. Lincoln, NE"
WWS-00037,Papillion-Creek,12/20/2021,12/20/2021,2021,"Papillion Creek Papillion, NE"
WWS-00038,Papillion-Creek,12/22/2021,12/20/2021,2021,"Papillion Creek Papillion, NE"
WWS-00039,Missouri-River,12/20/2021,12/20/2021,2021,"Missouri River Omaha, NE"
WWS-00040,Missouri-River,12/22/2021,12/20/2021,2021,"Missouri River Omaha, NE"
WWS-00041,Theresa-St,12/28/2021,12/27/2021,2021,"Theresa St. Lincoln, NE"
WWS-00042,Theresa-St,12/30/2021,12/27/2021,2021,"Theresa St. Lincoln, NE"
WWS-00043,Papillion-Creek,12/27/2021,12/27/2021,2021,"Papillion Creek Papillion, NE"
WWS-00044,Papillion-Creek,12/29/2021,12/27/2021,2021,"Papillion Creek Papillion, NE"
WWS-00045,Missouri-River,12/27/2021,12/27/2021,2021,"Missouri River Omaha, NE"
WWS-00046,Missouri-River,12/29/2021,12/27/2021,2021,"Missouri River Omaha, NE"
WWS-00047,Theresa-St,01/04/2022,01/03/2022,2022,"Theresa St. Lincoln, NE"
WWS-00048,Theresa-St,01/06/2022,01/03/2022,2022,"Theresa St. Lincoln, NE"
WWS-00049,Papillion-Creek,01/03/2022,01/03/2022,2022,"Papillion Creek Papillion, NE"
WWS-00050,Papillion-Creek,01/05/2022,01/03/2022,2022,"Papillion Creek Papillion, NE"
WWS-00051,Missouri-River,01/03/2022,01/03/2022,2022,"Missouri River Omaha, NE"
WWS-00052,Missouri-River,01/05/2022,01/03/2022,2022,"Missouri River Omaha, NE"
WWS-00053,Theresa-St,01/11/2022,01/10/2022,2022,"Theresa St. Lincoln, NE"
WWS-00054,Theresa-St,01/13/2022,01/10/2022,2022,"Theresa St. Lincoln, NE"
WWS-00055,Papillion-Creek,01/10/2022,01/10/2022,2022,"Papillion Creek Papillion, NE"
WWS-00056,Papillion-Creek,01/12/2022,01/10/2022,2022,"Papillion Creek Papillion, NE"
WWS-00057,Missouri-River,01/10/2022,01/10/2022,2022,"Missouri River Omaha, NE"
WWS-00058,Missouri-River,01/12/2022,01/10/2022,2022,"Missouri River Omaha, NE"
WWS-00059,Theresa-St,01/18/2022,01/17/2022,2022,"Theresa St. Lincoln, NE"
WWS-00060,Theresa-St,01/20/2022,01/17/2022,2022,"Theresa St. Lincoln, NE"
WWS-00061,Papillion-Creek,01/17/2022,01/17/2022,2022,"Papillion Creek Papillion, NE"
WWS-00062,Papillion-Creek,01/19/2022,01/17/2022,2022,"Papillion Creek Papillion, NE"
WWS-00063,Missouri-River,01/17/2022,01/17/2022,2022,"Missouri River Omaha, NE"
WWS-00064,Missouri-River,01/19/2022,01/17/2022,2022,"Missouri River Omaha, NE"
WWS-00065,Papillion-Creek,01/20/2022,01/17/2022,2022,"Papillion Creek Papillion, NE"
WWS-00066,Papillion-Creek,01/21/2022,01/17/2022,2022,"Papillion Creek Papillion, NE"
WWS-00067,Papillion-Creek,01/22/2022,01/17/2022,2022,"Papillion Creek Papillion, NE"
WWS-00068,Papillion-Creek,01/23/2022,01/17/2022,2022,"Papillion Creek Papillion, NE"
WWS-00069,Eppley,01/21/2022,01/17/2022,2022,"Eppley Airfield Omaha, NE"
WWS-00070,Papillion-Creek,01/24/2022,01/24/2022,2022,"Papillion Creek Papillion, NE"
WWS-00071,Papillion-Creek,01/25/2022,01/24/2022,2022,"Papillion Creek Papillion, NE"
WWS-00072,Missouri-River,01/24/2022,01/24/2022,2022,"Missouri River Omaha, NE"
WWS-00077,Theresa-St,01/25/2022,01/24/2022,2022,"Theresa St. Lincoln, NE"
WWS-00078,Theresa-St,01/27/2022,01/24/2022,2022,"Theresa St. Lincoln, NE"
WWS-00079,Papillion-Creek,01/26/2022,01/24/2022,2022,"Papillion Creek Papillion, NE"
WWS-00080,Papillion-Creek,01/27/2022,01/24/2022,2022,"Papillion Creek Papillion, NE"
WWS-00081,Papillion-Creek,01/28/2022,01/24/2022,2022,"Papillion Creek Papillion, NE"
WWS-00082,Papillion-Creek,01/29/2022,01/24/2022,2022,"Papillion Creek Papillion, NE"
WWS-00083,Papillion-Creek,01/30/2022,01/24/2022,2022,"Papillion Creek Papillion, NE"
WWS-00084,Missouri-River,01/26/2022,01/24/2022,2022,"Missouri River Omaha, NE"
WWS-00085,Theresa-St,02/01/2022,01/31/2022,2022,"Theresa St. Lincoln, NE"
WWS-00086,Theresa-St,02/03/2022,01/31/2022,2022,"Theresa St. Lincoln, NE"
WWS-00087,Papillion-Creek,01/31/2022,01/31/2022,2022,"Papillion Creek Papillion, NE"
WWS-00088,Papillion-Creek,02/01/2022,01/31/2022,2022,"Papillion Creek Papillion, NE"
WWS-00089,Papillion-Creek,02/02/2022,01/31/2022,2022,"Papillion Creek Papillion, NE"
WWS-00090,Missouri-River,01/31/2022,01/31/2022,2022,"Missouri River Omaha, NE"
WWS-00091,Missouri-River,02/02/2022,01/31/2022,2022,"Missouri River Omaha, NE"
WWS-00092,Scottsbluff,01/28/2022,01/24/2022,2022,"Scottsbluff, NE"
WWS-00093,Scottsbluff,02/01/2022,01/31/2022,2022,"Scottsbluff, NE"
WWS-00094,Kearney,01/27/2022,01/24/2022,2022,"Kearney, NE"
WWS-00095,Kearney,02/01/2022,01/31/2022,2022,"Kearney, NE"
WWS-00096,Grand-Island,01/27/2022,01/24/2022,2022,"Grand Island, NE"
WWS-00097,Grand-Island,01/31/2022,01/31/2022,2022,"Grand Island, NE"
WWS-00098,Columbus,01/28/2022,01/24/2022,2022,"Columbus, NE"
WWS-00099,Columbus,02/02/2022,01/31/2022,2022,"Columbus, NE"
WWS-00100,Theresa-St,02/08/2022,02/07/2022,2022,"Theresa St. Lincoln, NE"
WWS-00101,Theresa-St,02/10/2022,02/07/2022,2022,"Theresa St. Lincoln, NE"
WWS-00102,Papillion-Creek,02/03/2022,01/31/2022,2022,"Papillion Creek Papillion, NE"
WWS-00103,Papillion-Creek,02/04/2022,01/31/2022,2022,"Papillion Creek Papillion, NE"
WWS-00104,Papillion-Creek,02/05/2022,01/31/2022,2022,"Papillion Creek Papillion, NE"
WWS-00105,Papillion-Creek,02/07/2022,02/07/2022,2022,"Papillion Creek Papillion, NE"
WWS-00106,Papillion-Creek,02/09/2022,02/07/2022,2022,"Papillion Creek Papillion, NE"
WWS-00107,Missouri-River,02/07/2022,02/07/2022,2022,"Missouri River Omaha, NE"
WWS-00108,Missouri-River,02/09/2022,02/07/2022,2022,"Missouri River Omaha, NE"
WWS-00109,Scottsbluff,02/03/2022,01/31/2022,2022,"Scottsbluff, NE"
WWS-00110,Scottsbluff,02/07/2022,02/07/2022,2022,"Scottsbluff, NE"
WWS-00111,Kearney,02/03/2022,01/31/2022,2022,"Kearney, NE"
WWS-00112,Kearney,02/08/2022,02/07/2022,2022,"Kearney, NE"
WWS-00113,Grand-Island,02/04/2022,01/31/2022,2022,"Grand Island, NE"
WWS-00114,Grand-Island,02/07/2022,02/07/2022,2022,"Grand Island, NE"
WWS-00115,Eppley,02/10/2022,02/07/2022,2022,"Eppley Airfield Omaha, NE"
WWS-00116,Site-16,02/10/2022,02/07/2022,2022,"Site 16"
WWS-00117,Hastings,02/04/2022,01/31/2022,2022,"Hastings, NE"
WWS-00118,Hastings,02/08/2022,02/07/2022,2022,"Hastings, NE"
WWS-00130,Columbus,02/04/2022,01/31/2022,2022,"Columbus, NE"
WWS-00131,Columbus,02/09/2022,02/07/2022,2022,"Columbus, NE"
WWS-00132,Scottsbluff,02/10/2022,02/07/2022,2022,"Scottsbluff, NE"
WWS-00133,Scottsbluff,02/14/2022,02/14/2022,2022,"Scottsbluff, NE"
WWS-00134,Grand-Island,02/10/2022,02/07/2022,2022,"Grand Island, NE"
WWS-00135,Grand-Island,02/14/2022,02/14/2022,2022,"Grand Island, NE"
WWS-00136,Theresa-St,02/15/2022,02/14/2022,2022,"Theresa St. Lincoln, NE"
WWS-00137,Theresa-St,02/17/2022,02/14/2022,2022,"Theresa St. Lincoln, NE"
WWS-00138,Papillion-Creek,02/14/2022,02/14/2022,2022,"Papillion Creek Papillion, NE"
WWS-00139,Papillion-Creek,02/16/2022,02/14/2022,2022,"Papillion Creek Papillion, NE"
WWS-00140,Missouri-River,02/14/2022,02/14/2022,2022,"Missouri River Omaha, NE"
WWS-00141,Missouri-River,02/16/2022,02/14/2022,2022,"Missouri River Omaha, NE"
WWS-00142,Kearney,02/10/2022,02/07/2022,2022,"Kearney, NE"
WWS-00143,Kearney,02/14/2022,02/14/2022,2022,"Kearney, NE"
WWS-00144,Columbus,02/11/2022,02/07/2022,2022,"Columbus, NE"
WWS-00145,Columbus,02/16/2022,02/14/2022,2022,"Columbus, NE"
WWS-00146,Site-13,02/17/2022,02/14/2022,2022,"Site 13"
WWS-00147,Site-15,02/17/2022,02/14/2022,2022,"Site 15"
WWS-00148,Site-14,02/17/2022,02/14/2022,2022,"Site 14"
WWS-00149,Hastings,02/10/2022,02/07/2022,2022,"Hastings, NE"
WWS-00150,Hastings,02/15/2022,02/14/2022,2022,"Hastings, NE"
WWS-00151,Site-22,02/11/2022,02/07/2022,2022,"Site 22"
WWS-00152,Site-22,02/15/2022,02/14/2022,2022,"Site 22"
WWS-00155,Scottsbluff,02/18/2022,02/14/2022,2022,"Scottsbluff, NE"
WWS-00156,Scottsbluff,02/22/2022,02/21/2022,2022,"Scottsbluff, NE"
WWS-00157,Kearney,02/17/2022,02/14/2022,2022,"Kearney, NE"
WWS-00158,Kearney,02/22/2022,02/21/2022,2022,"Kearney, NE"
WWS-00159,Site-10,02/17/2022,02/14/2022,2022,"Site 10"
WWS-00160,Site-10,02/21/2022,02/21/2022,2022,"Site 10"
WWS-00161,Site-17,02/18/2022,02/14/2022,2022,"Site 17"
WWS-00162,Site-17,02/21/2022,02/21/2022,2022,"Site 17"
WWS-00163,Hastings,02/17/2022,02/14/2022,2022,"Hastings, NE"
WWS-00164,Hastings,02/21/2022,02/21/2022,2022,"Hastings, NE"
WWS-00165,Site-22,02/18/2022,02/14/2022,2022,"Site 22"
WWS-00166,Site-22,02/22/2022,02/21/2022,2022,"Site 22"
WWS-00173,Theresa-St,02/22/2022,02/21/2022,2022,"Theresa St. Lincoln, NE"
WWS-00174,Theresa-St,02/24/2022,02/21/2022,2022,"Theresa St. Lincoln, NE"
WWS-00175,Papillion-Creek,02/21/2022,02/21/2022,2022,"Papillion Creek Papillion, NE"
WWS-00176,Papillion-Creek,02/23/2022,02/21/2022,2022,"Papillion Creek Papillion, NE"
WWS-00177,Missouri-River,02/21/2022,02/21/2022,2022,"Missouri River Omaha, NE"
WWS-00178,Missouri-River,02/23/2022,02/21/2022,2022,"Missouri River Omaha, NE"
WWS-00179,Grand-Island,02/21/2022,02/21/2022,2022,"Grand Island, NE"
WWS-00180,Columbus,02/23/2022,02/21/2022,2022,"Columbus, NE"
WWS-00181,Grand-Island,02/17/2022,02/14/2022,2022,"Grand Island, NE"
WWS-00182,Columbus,02/18/2022,02/14/2022,2022,"Columbus, NE"
WWS-00183,Site-13,02/24/2022,02/21/2022,2022,"Site 13"
WWS-00184,Eppley,02/22/2022,02/21/2022,2022,"Eppley Airfield Omaha, NE"
WWS-00185,Site-15,02/24/2022,02/21/2022,2022,"Site 15"
WWS-00186,Site-16,02/24/2022,02/21/2022,2022,"Site 16"
WWS-00187,Site-18,02/24/2022,02/21/2022,2022,"Site 18"
WWS-00188,Site-18,02/23/2022,02/21/2022,2022,"Site 18"
WWS-00189,Theresa-St,03/01/2022,02/28/2022,2022,"Theresa St. Lincoln, NE"
WWS-00190,Theresa-St,03/03/2022,02/28/2022,2022,"Theresa St. Lincoln, NE"
WWS-00191,Papillion-Creek,02/28/2022,02/28/2022,2022,"Papillion Creek Papillion, NE"
WWS-00192,Papillion-Creek,03/02/2022,02/28/2022,2022,"Papillion Creek Papillion, NE"
WWS-00193,Missouri-River,02/28/2022,02/28/2022,2022,"Missouri River Omaha, NE"
WWS-00194,Missouri-River,03/02/2022,02/28/2022,2022,"Missouri River Omaha, NE"
WWS-00195,Scottsbluff,02/24/2022,02/21/2022,2022,"Scottsbluff, NE"
WWS-00196,Scottsbluff,03/01/2022,02/28/2022,2022,"Scottsbluff, NE"
WWS-00197,Kearney,02/24/2022,02/21/2022,2022,"Kearney, NE"
WWS-00198,Kearney,02/28/2022,02/28/2022,2022,"Kearney, NE"
WWS-00199,Grand-Island,02/24/2022,02/21/2022,2022,"Grand Island, NE"
WWS-00200,Grand-Island,02/28/2022,02/28/2022,2022,"Grand Island, NE"
WWS-00201,Columbus,02/25/2022,02/21/2022,2022,"Columbus, NE"
WWS-00202,Columbus,03/02/2022,02/28/2022,2022,"Columbus, NE"
WWS-00203,Site-10,02/25/2022,02/21/2022,2022,"Site 10"
WWS-00204,Site-10,03/01/2022,02/28/2022,2022,"Site 10"
WWS-00205,Eppley,03/01/2022,02/28/2022,2022,"Eppley Airfield Omaha, NE"
WWS-00206,Eppley,03/02/2022,02/28/2022,2022,"Eppley Airfield Omaha, NE"
WWS-00207,Site-13,03/02/2022,02/28/2022,2022,"Site 13"
WWS-00208,Site-15,03/02/2022,02/28/2022,2022,"Site 15"
WWS-00209,Site-16,03/02/2022,02/28/2022,2022,"Site 16"
WWS-00210,Site-17,02/25/2022,02/21/2022,2022,"Site 17"
WWS-00211,Site-17,02/28/2022,02/28/2022,2022,"Site 17"
WWS-00212,Site-18,03/01/2022,02/28/2022,2022,"Site 18"
WWS-00213,Site-18,03/02/2022,02/28/2022,2022,"Site 18"
WWS-00214,Hastings,02/23/2022,02/21/2022,2022,"Hastings, NE"
WWS-00215,Hastings,02/28/2022,02/28/2022,2022,"Hastings, NE"
WWS-00216,Site-22,02/24/2022,02/21/2022,2022,"Site 22"
WWS-00217,Site-22,02/24/2022,02/21/2022,2022,"Site 22"
WWS-00218,Site-23,02/28/2022,02/28/2022,2022,"Site 23"
WWS-00219,Site-23,03/02/2022,02/28/2022,2022,"Site 23"
WWS-00220,Theresa-St,03/08/2022,03/07/2022,2022,"Theresa St. Lincoln, NE"
WWS-00221,Theresa-St,03/10/2022,03/07/2022,2022,"Theresa St. Lincoln, NE"
WWS-00222,Papillion-Creek,03/07/2022,03/07/2022,2022,"Papillion Creek Papillion, NE"
WWS-00223,Papillion-Creek,03/09/2022,03/07/2022,2022,"Papillion Creek Papillion, NE"
WWS-00224,Missouri-River,03/07/2022,03/07/2022,2022,"Missouri River Omaha, NE"
WWS-00225,Missouri-River,03/09/2022,03/07/2022,2022,"Missouri River Omaha, NE"
WWS-00226,Scottsbluff,03/04/2022,02/28/2022,2022,"Scottsbluff, NE"
WWS-00227,Scottsbluff,03/08/2022,03/07/2022,2022,"Scottsbluff, NE"
WWS-00228,Kearney,03/03/2022,02/28/2022,2022,"Kearney, NE"
WWS-00229,Kearney,03/07/2022,03/07/2022,2022,"Kearney, NE"
WWS-00230,Grand-Island,03/03/2022,02/28/2022,2022,"Grand Island, NE"
WWS-00231,Grand-Island,03/07/2022,03/07/2022,2022,"Grand Island, NE"
WWS-00232,Site-10,03/04/2022,02/28/2022,2022,"Site 10"
WWS-00233,Site-10,03/08/2022,03/07/2022,2022,"Site 10"
WWS-00234,Eppley,03/08/2022,03/07/2022,2022,"Eppley Airfield Omaha, NE"
WWS-00235,Site-13,03/09/2022,03/07/2022,2022,"Site 13"
WWS-00236,Site-15,03/09/2022,03/07/2022,2022,"Site 15"
WWS-00237,Site-16,03/10/2022,03/07/2022,2022,"Site 16"
WWS-00238,Site-17,03/04/2022,02/28/2022,2022,"Site 17"
WWS-00239,Site-17,03/08/2022,03/07/2022,2022,"Site 17"
WWS-00240,Site-18,03/08/2022,03/07/2022,2022,"Site 18"
WWS-00241,Site-18,03/10/2022,03/07/2022,2022,"Site 18"
WWS-00242,Columbus,03/04/2022,02/28/2022,2022,"Columbus, NE"
WWS-00243,Columbus,03/09/2022,03/07/2022,2022,"Columbus, NE"
WWS-00244,Hastings,03/03/2022,02/28/2022,2022,"Hastings, NE"
WWS-00245,Hastings,03/07/2022,03/07/2022,2022,"Hastings, NE"
WWS-00246,Site-22,03/04/2022,02/28/2022,2022,"Site 22"
WWS-00247,Site-22,03/08/2022,03/07/2022,2022,"Site 22"
WWS-00248,Site-23,03/08/2022,03/07/2022,2022,"Site 23"
WWS-00249,Site-23,03/10/2022,03/07/2022,2022,"Site 23"
WWS-00250,Scottsbluff,03/10/2022,03/07/2022,2022,"Scottsbluff, NE"
WWS-00251,Scottsbluff,03/15/2022,03/14/2022,2022,"Scottsbluff, NE"
WWS-00252,Kearney,03/10/2022,03/07/2022,2022,"Kearney, NE"
WWS-00253,Kearney,03/14/2022,03/14/2022,2022,"Kearney, NE"
WWS-00254,Grand-Island,03/10/2022,03/07/2022,2022,"Grand Island, NE"
WWS-00255,Grand-Island,03/14/2022,03/14/2022,2022,"Grand Island, NE"
WWS-00256,Site-10,03/11/2022,03/07/2022,2022,"Site 10"
WWS-00257,Site-10,03/15/2022,03/14/2022,2022,"Site 10"
WWS-00258,Site-17,03/11/2022,03/07/2022,2022,"Site 17"
WWS-00259,Site-17,03/14/2022,03/14/2022,2022,"Site 17"
WWS-00260,Site-22,03/11/2022,03/07/2022,2022,"Site 22"
WWS-00261,Site-22,03/15/2022,03/14/2022,2022,"Site 22"
WWS-00262,Theresa-St,03/15/2022,03/14/2022,2022,"Theresa St. Lincoln, NE"
WWS-00263,Theresa-St,03/17/2022,03/14/2022,2022,"Theresa St. Lincoln, NE"
WWS-00264,Papillion-Creek,03/14/2022,03/14/2022,2022,"Papillion Creek Papillion, NE"
WWS-00265,Papillion-Creek,03/16/2022,03/14/2022,2022,"Papillion Creek Papillion, NE"
WWS-00266,Missouri-River,03/14/2022,03/14/2022,2022,"Missouri River Omaha, NE"
WWS-00267,Missouri-River,03/16/2022,03/14/2022,2022,"Missouri River Omaha, NE"
WWS-00268,Columbus,03/11/2022,03/07/2022,2022,"Columbus, NE"
WWS-00269,Columbus,03/16/2022,03/14/2022,2022,"Columbus, NE"
WWS-00270,Site-18,03/16/2022,03/14/2022,2022,"Site 18"
WWS-00271,Site-18,03/17/2022,03/14/2022,2022,"Site 18"
WWS-00272,Hastings,03/09/2022,03/07/2022,2022,"Hastings, NE"
WWS-00273,Hastings,03/15/2022,03/14/2022,2022,"Hastings, NE"
WWS-00274,Site-23,03/15/2022,03/14/2022,2022,"Site 23"
WWS-00275,Site-23,03/17/2022,03/14/2022,2022,"Site 23"
WWS-00276,Scottsbluff,03/17/2022,03/14/2022,2022,"Scottsbluff, NE"
WWS-00277,Scottsbluff,03/22/2022,03/21/2022,2022,"Scottsbluff, NE"
WWS-00278,Kearney,03/17/2022,03/14/2022,2022,"Kearney, NE"
WWS-00279,Kearney,03/22/2022,03/21/2022,2022,"Kearney, NE"
WWS-00280,Grand-Island,03/17/2022,03/14/2022,2022,"Grand Island, NE"
WWS-00281,Grand-Island,03/21/2022,03/21/2022,2022,"Grand Island, NE"
WWS-00282,Columbus,03/18/2022,03/14/2022,2022,"Columbus, NE"
WWS-00283,Columbus,03/23/2022,03/21/2022,2022,"Columbus, NE"
WWS-00284,Site-10,03/18/2022,03/14/2022,2022,"Site 10"
WWS-00285,Site-10,03/22/2022,03/21/2022,2022,"Site 10"
WWS-00286,Site-17,03/18/2022,03/14/2022,2022,"Site 17"
WWS-00287,Site-17,03/21/2022,03/21/2022,2022,"Site 17"
WWS-00288,Hastings,03/17/2022,03/14/2022,2022,"Hastings, NE"
WWS-00289,Hastings,03/21/2022,03/21/2022,2022,"Hastings, NE"
WWS-00290,Site-22,03/18/2022,03/14/2022,2022,"Site 22"
WWS-00291,Site-22,03/22/2022,03/21/2022,2022,"Site 22"
WWS-00292,Theresa-St,03/22/2022,03/21/2022,2022,"Theresa St. Lincoln, NE"
WWS-00293,Theresa-St,03/24/2022,03/21/2022,2022,"Theresa St. Lincoln, NE"
WWS-00294,Papillion-Creek,03/21/2022,03/21/2022,2022,"Papillion Creek Papillion, NE"
WWS-00295,Papillion-Creek,03/23/2022,03/21/2022,2022,"Papillion Creek Papillion, NE"
WWS-00296,Missouri-River,03/21/2022,03/21/2022,2022,"Missouri River Omaha, NE"
WWS-00297,Missouri-River,03/23/2022,03/21/2022,2022,"Missouri River Omaha, NE"
WWS-00298,Eppley,03/17/2022,03/14/2022,2022,"Eppley Airfield Omaha, NE"
WWS-00299,Eppley,03/22/2022,03/21/2022,2022,"Eppley Airfield Omaha, NE"
WWS-00300,Site-13,03/22/2022,03/21/2022,2022,"Site 13"
WWS-00301,Site-15,03/22/2022,03/21/2022,2022,"Site 15"
WWS-00302,Site-18,03/22/2022,03/21/2022,2022,"Site 18"
WWS-00303,Site-18,03/24/2022,03/21/2022,2022,"Site 18"
WWS-00304,Site-23,03/22/2022,03/21/2022,2022,"Site 23"
WWS-00305,Site-23,03/24/2022,03/21/2022,2022,"Site 23"
WWS-00306,Theresa-St,03/29/2022,03/28/2022,2022,"Theresa St. Lincoln, NE"
WWS-00307,Theresa-St,03/31/2022,03/28/2022,2022,"Theresa St. Lincoln, NE"
WWS-00308,Papillion-Creek,03/28/2022,03/28/2022,2022,"Papillion Creek Papillion, NE"
WWS-00309,Papillion-Creek,03/30/2022,03/28/2022,2022,"Papillion Creek Papillion, NE"
WWS-00310,Missouri-River,03/28/2022,03/28/2022,2022,"Missouri River Omaha, NE"
WWS-00311,Missouri-River,03/30/2022,03/28/2022,2022,"Missouri River Omaha, NE"
WWS-00312,Site-10,03/25/2022,03/21/2022,2022,"Site 10"
WWS-00313,Site-10,03/29/2022,03/28/2022,2022,"Site 10"
WWS-00314,Eppley,03/29/2022,03/28/2022,2022,"Eppley Airfield Omaha, NE"
WWS-00315,Site-13,03/30/2022,03/28/2022,2022,"Site 13"
WWS-00316,Site-15,03/30/2022,03/28/2022,2022,"Site 15"
WWS-00317,Site-18,03/30/2022,03/28/2022,2022,"Site 18"
WWS-00318,Site-18,03/31/2022,03/28/2022,2022,"Site 18"
WWS-00319,Site-17,03/25/2022,03/21/2022,2022,"Site 17"
WWS-00320,Site-17,03/28/2022,03/28/2022,2022,"Site 17"
WWS-00321,Site-22,03/25/2022,03/21/2022,2022,"Site 22"
WWS-00322,Site-22,03/29/2022,03/28/2022,2022,"Site 22"
WWS-00323,Hastings,03/24/2022,03/21/2022,2022,"Hastings, NE"
WWS-00324,Hastings,03/28/2022,03/28/2022,2022,"Hastings, NE"
WWS-00325,Site-23,03/29/2022,03/28/2022,2022,"Site 23"
WWS-00326,Site-23,03/31/2022,03/28/2022,2022,"Site 23"
WWS-00327,Theresa-St,04/05/2022,04/04/2022,2022,"Theresa St. Lincoln, NE"
WWS-00328,Theresa-St,04/07/2022,04/04/2022,2022,"Theresa St. Lincoln, NE"
WWS-00329,Papillion-Creek,04/04/2022,04/04/2022,2022,"Papillion Creek Papillion, NE"
WWS-00330,Papillion-Creek,04/06/2022,04/04/2022,2022,"Papillion Creek Papillion, NE"
WWS-00331,Missouri-River,04/04/2022,04/04/2022,2022,"Missouri River Omaha, NE"
WWS-00332,Missouri-River,04/06/2022,04/04/2022,2022,"Missouri River Omaha, NE"
WWS-00333,Scottsbluff,03/31/2022,03/28/2022,2022,"Scottsbluff, NE"
WWS-00334,Scottsbluff,04/05/2022,04/04/2022,2022,"Scottsbluff, NE"
WWS-00335,Kearney,03/31/2022,03/28/2022,2022,"Kearney, NE"
WWS-00336,Kearney,04/04/2022,04/04/2022,2022,"Kearney, NE"
WWS-00337,Grand-Island,03/31/2022,03/28/2022,2022,"Grand Island, NE"
WWS-00338,Grand-Island,04/04/2022,04/04/2022,2022,"Grand Island, NE"
WWS-00339,Site-10,04/01/2022,03/28/2022,2022,"Site 10"
WWS-00340,Site-10,04/05/2022,04/04/2022,2022,"Site 10"
WWS-00341,Site-11,03/31/2022,03/28/2022,2022,"Site 11"
WWS-00342,Site-11,04/05/2022,04/04/2022,2022,"Site 11"
WWS-00343,Site-13,04/06/2022,04/04/2022,2022,"Site 13"
WWS-00344,Site-15,04/06/2022,04/04/2022,2022,"Site 15"
WWS-00345,Site-17,04/01/2022,03/28/2022,2022,"Site 17"
WWS-00346,Site-17,04/04/2022,04/04/2022,2022,"Site 17"
WWS-00347,Site-18,04/06/2022,04/04/2022,2022,"Site 18"
WWS-00348,Site-18,04/07/2022,04/04/2022,2022,"Site 18"
WWS-00349,Hastings,03/31/2022,03/28/2022,2022,"Hastings, NE"
WWS-00350,Hastings,04/04/2022,04/04/2022,2022,"Hastings, NE"
WWS-00351,Site-22,04/01/2022,03/28/2022,2022,"Site 22"
WWS-00352,Site-22,04/05/2022,04/04/2022,2022,"Site 22"
WWS-00353,Site-23,04/05/2022,04/04/2022,2022,"Site 23"
WWS-00354,Site-23,04/07/2022,04/04/2022,2022,"Site 23"
WWS-00355,Site-24,04/01/2022,03/28/2022,2022,"Site 24"
WWS-00356,Site-24,04/05/2022,04/04/2022,2022,"Site 24"
WWS-00359,Theresa-St,04/11/2022,04/11/2022,2022,"Theresa St. Lincoln, NE"
WWS-00360,Theresa-St,04/14/2022,04/11/2022,2022,"Theresa St. Lincoln, NE"
WWS-00361,Papillion-Creek,04/11/2022,04/11/2022,2022,"Papillion Creek Papillion, NE"
WWS-00362,Papillion-Creek,04/13/2022,04/11/2022,2022,"Papillion Creek Papillion, NE"
WWS-00363,Missouri-River,04/11/2022,04/11/2022,2022,"Missouri River Omaha, NE"
WWS-00364,Missouri-River,04/13/2022,04/11/2022,2022,"Missouri River Omaha, NE"
WWS-00365,Scottsbluff,04/07/2022,04/04/2022,2022,"Scottsbluff, NE"
WWS-00366,Scottsbluff,04/11/2022,04/11/2022,2022,"Scottsbluff, NE"
WWS-00367,Kearney,04/07/2022,04/04/2022,2022,"Kearney, NE"
WWS-00368,Kearney,04/11/2022,04/11/2022,2022,"Kearney, NE"
WWS-00369,Grand-Island,04/07/2022,04/04/2022,2022,"Grand Island, NE"
WWS-00370,Grand-Island,04/11/2022,04/11/2022,2022,"Grand Island, NE"
WWS-00371,Site-10,04/08/2022,04/04/2022,2022,"Site 10"
WWS-00372,Site-11,04/07/2022,04/04/2022,2022,"Site 11"
WWS-00373,Site-11,04/11/2022,04/11/2022,2022,"Site 11"
WWS-00374,Eppley,04/11/2022,04/11/2022,2022,"Eppley Airfield Omaha, NE"
WWS-00375,Site-13,04/13/2022,04/11/2022,2022,"Site 13"
WWS-00376,Site-15,04/13/2022,04/11/2022,2022,"Site 15"
WWS-00377,Site-17,04/11/2022,04/11/2022,2022,"Site 17"
WWS-00378,Site-17,04/12/2022,04/11/2022,2022,"Site 17"
WWS-00379,Site-18,04/13/2022,04/11/2022,2022,"Site 18"
WWS-00380,Site-18,04/14/2022,04/11/2022,2022,"Site 18"
WWS-00381,Hastings,04/07/2022,04/04/2022,2022,"Hastings, NE"
WWS-00382,Hastings,04/11/2022,04/11/2022,2022,"Hastings, NE"
WWS-00383,Site-23,04/11/2022,04/11/2022,2022,"Site 23"
WWS-00384,Site-23,04/14/2022,04/11/2022,2022,"Site 23"
WWS-00385,Site-24,04/08/2022,04/04/2022,2022,"Site 24"
WWS-00386,Site-24,04/12/2022,04/11/2022,2022,"Site 24"
WWS-00389,Theresa-St,04/19/2022,04/18/2022,2022,"Theresa St. Lincoln, NE"
WWS-00390,Theresa-St,04/21/2022,04/18/2022,2022,"Theresa St. Lincoln, NE"
WWS-00391,Papillion-Creek,04/18/2022,04/18/2022,2022,"Papillion Creek Papillion, NE"
WWS-00392,Papillion-Creek,04/20/2022,04/18/2022,2022,"Papillion Creek Papillion, NE"
WWS-00393,Missouri-River,04/18/2022,04/18/2022,2022,"Missouri River Omaha, NE"
WWS-00394,Missouri-River,04/12/2022,04/11/2022,2022,"Missouri River Omaha, NE"
WWS-00395,Scottsbluff,04/14/2022,04/11/2022,2022,"Scottsbluff, NE"
WWS-00396,Scottsbluff,04/19/2022,04/18/2022,2022,"Scottsbluff, NE"
WWS-00397,Kearney,04/14/2022,04/11/2022,2022,"Kearney, NE"
WWS-00398,Kearney,04/18/2022,04/18/2022,2022,"Kearney, NE"
WWS-00399,Grand-Island,04/14/2022,04/11/2022,2022,"Grand Island, NE"
WWS-00400,Grand-Island,04/18/2022,04/18/2022,2022,"Grand Island, NE"
WWS-00401,Site-11,04/14/2022,04/11/2022,2022,"Site 11"
WWS-00402,Site-11,04/19/2022,04/18/2022,2022,"Site 11"
WWS-00403,Eppley,04/20/2022,04/18/2022,2022,"Eppley Airfield Omaha, NE"
WWS-00404,Site-13,04/20/2022,04/18/2022,2022,"Site 13"
WWS-00405,Site-15,04/20/2022,04/18/2022,2022,"Site 15"
WWS-00406,Site-18,04/19/2022,04/18/2022,2022,"Site 18"
WWS-00407,Site-18,04/21/2022,04/18/2022,2022,"Site 18"
WWS-00408,Hastings,04/13/2022,04/11/2022,2022,"Hastings, NE"
WWS-00409,Hastings,04/19/2022,04/18/2022,2022,"Hastings, NE"
WWS-00410,Site-23,04/19/2022,04/18/2022,2022,"Site 23"
WWS-00411,Site-23,04/21/2022,04/18/2022,2022,"Site 23"
WWS-00412,Site-24,04/15/2022,04/11/2022,2022,"Site 24"
WWS-00413,Site-24,04/19/2022,04/18/2022,2022,"Site 24"
WWS-00414,Scottsbluff,04/21/2022,04/18/2022,2022,"Scottsbluff, NE"
WWS-00415,Scottsbluff,04/26/2022,04/25/2022,2022,"Scottsbluff, NE"
WWS-00416,Kearney,04/21/2022,04/18/2022,2022,"Kearney, NE"
WWS-00417,Kearney,04/25/2022,04/25/2022,2022,"Kearney, NE"
WWS-00418,Grand-Island,04/21/2022,04/18/2022,2022,"Grand Island, NE"
WWS-00419,Grand-Island,04/25/2022,04/25/2022,2022,"Grand Island, NE"
WWS-00420,Columbus,04/22/2022,04/18/2022,2022,"Columbus, NE"
WWS-00421,Columbus,04/27/2022,04/25/2022,2022,"Columbus, NE"
WWS-00422,Site-11,04/21/2022,04/18/2022,2022,"Site 11"
WWS-00423,Site-11,04/26/2022,04/25/2022,2022,"Site 11"
WWS-00424,Hastings,04/21/2022,04/18/2022,2022,"Hastings, NE"
WWS-00425,Hastings,04/25/2022,04/25/2022,2022,"Hastings, NE"
WWS-00426,Site-24,04/22/2022,04/18/2022,2022,"Site 24"
WWS-00427,Site-24,04/26/2022,04/25/2022,2022,"Site 24"
WWS-00428,Theresa-St,04/26/2022,04/25/2022,2022,"Theresa St. Lincoln, NE"
WWS-00429,Theresa-St,04/26/2022,04/25/2022,2022,"Theresa St. Lincoln, NE"
WWS-00430,Papillion-Creek,04/25/2022,04/25/2022,2022,"Papillion Creek Papillion, NE"
WWS-00431,Papillion-Creek,04/27/2022,04/25/2022,2022,"Papillion Creek Papillion, NE"
WWS-00432,Missouri-River,04/25/2022,04/25/2022,2022,"Missouri River Omaha, NE"
WWS-00433,Missouri-River,04/27/2022,04/25/2022,2022,"Missouri River Omaha, NE"
WWS-00434,Eppley,04/25/2022,04/25/2022,2022,"Eppley Airfield Omaha, NE"
WWS-00435,Eppley,04/27/2022,04/25/2022,2022,"Eppley Airfield Omaha, NE"
WWS-00436,Site-13,04/27/2022,04/25/2022,2022,"Site 13"
WWS-00437,Site-15,04/27/2022,04/25/2022,2022,"Site 15"
WWS-00438,Site-18,04/27/2022,04/25/2022,2022,"Site 18"
WWS-00439,Site-18,04/28/2022,04/25/2022,2022,"Site 18"
WWS-00440,Site-23,04/26/2022,04/25/2022,2022,"Site 23"
WWS-00441,Site-23,04/26/2022,04/25/2022,2022,"Site 23"
WWS-00442,Theresa-St,05/03/2022,05/02/2022,2022,"Theresa St. Lincoln, NE"
WWS-00443,Theresa-St,05/05/2022,05/02/2022,2022,"Theresa St. Lincoln, NE"
WWS-00444,Papillion-Creek,05/02/2022,05/02/2022,2022,"Papillion Creek Papillion, NE"
WWS-00445,Papillion-Creek,05/04/2022,05/02/2022,2022,"Papillion Creek Papillion, NE"
WWS-00446,Missouri-River,05/02/2022,05/02/2022,2022,"Missouri River Omaha, NE"
WWS-00447,Missouri-River,05/04/2022,05/02/2022,2022,"Missouri River Omaha, NE"
WWS-00448,Scottsbluff,04/28/2022,04/25/2022,2022,"Scottsbluff, NE"
WWS-00449,Scottsbluff,05/03/2022,05/02/2022,2022,"Scottsbluff, NE"
WWS-00450,Kearney,04/28/2022,04/25/2022,2022,"Kearney, NE"
WWS-00451,Kearney,05/02/2022,05/02/2022,2022,"Kearney, NE"
WWS-00452,Grand-Island,04/28/2022,04/25/2022,2022,"Grand Island, NE"
WWS-00453,Grand-Island,05/02/2022,05/02/2022,2022,"Grand Island, NE"
WWS-00454,Columbus,05/04/2022,05/02/2022,2022,"Columbus, NE"
WWS-00455,Site-11,04/28/2022,04/25/2022,2022,"Site 11"
WWS-00456,Site-11,05/03/2022,05/02/2022,2022,"Site 11"
WWS-00457,Eppley,05/02/2022,05/02/2022,2022,"Eppley Airfield Omaha, NE"
WWS-00458,Eppley,05/04/2022,05/02/2022,2022,"Eppley Airfield Omaha, NE"
WWS-00459,Site-13,05/04/2022,05/02/2022,2022,"Site 13"
WWS-00460,Site-15,05/04/2022,05/02/2022,2022,"Site 15"
WWS-00461,Site-18,05/04/2022,05/02/2022,2022,"Site 18"
WWS-00462,Site-18,05/05/2022,05/02/2022,2022,"Site 18"
WWS-00463,Hastings,04/28/2022,04/25/2022,2022,"Hastings, NE"
WWS-00464,Hastings,05/02/2022,05/02/2022,2022,"Hastings, NE"
WWS-00465,Site-23,05/03/2022,05/02/2022,2022,"Site 23"
WWS-00466,Site-23,05/05/2022,05/02/2022,2022,"Site 23"
WWS-00467,Site-24,04/29/2022,04/25/2022,2022,"Site 24"
WWS-00468,Site-24,05/03/2022,05/02/2022,2022,"Site 24"
WWS-00469,Theresa-St,05/10/2022,05/09/2022,2022,"Theresa St. Lincoln, NE"
WWS-00470,Theresa-St,05/12/2022,05/09/2022,2022,"Theresa St. Lincoln, NE"
WWS-00471,Papillion-Creek,05/09/2022,05/09/2022,2022,"Papillion Creek Papillion, NE"
WWS-00472,Papillion-Creek,05/11/2022,05/09/2022,2022,"Papillion Creek Papillion, NE"
WWS-00473,Missouri-River,05/09/2022,05/09/2022,2022,"Missouri River Omaha, NE"
WWS-00474,Missouri-River,05/11/2022,05/09/2022,2022,"Missouri River Omaha, NE"
WWS-00475,Scottsbluff,05/05/2022,05/02/2022,2022,"Scottsbluff, NE"
WWS-00476,Scottsbluff,05/10/2022,05/09/2022,2022,"Scottsbluff, NE"
WWS-00477,Kearney,05/05/2022,05/02/2022,2022,"Kearney, NE"
WWS-00478,Kearney,05/09/2022,05/09/2022,2022,"Kearney, NE"
WWS-00479,Grand-Island,05/05/2022,05/02/2022,2022,"Grand Island, NE"
WWS-00480,Grand-Island,05/09/2022,05/09/2022,2022,"Grand Island, NE"
WWS-00481,Columbus,05/06/2022,05/02/2022,2022,"Columbus, NE"
WWS-00482,Columbus,05/11/2022,05/09/2022,2022,"Columbus, NE"
WWS-00483,Site-11,05/05/2022,05/02/2022,2022,"Site 11"
WWS-00484,Site-11,05/10/2022,05/09/2022,2022,"Site 11"
WWS-00485,Site-18,05/11/2022,05/09/2022,2022,"Site 18"
WWS-00486,Site-18,05/12/2022,05/09/2022,2022,"Site 18"
WWS-00487,Hastings,05/05/2022,05/02/2022,2022,"Hastings, NE"
WWS-00488,Hastings,05/09/2022,05/09/2022,2022,"Hastings, NE"
WWS-00489,Site-22,05/06/2022,05/02/2022,2022,"Site 22"
WWS-00490,Site-22,05/09/2022,05/09/2022,2022,"Site 22"
WWS-00491,Site-23,05/10/2022,05/09/2022,2022,"Site 23"
WWS-00492,Site-23,05/12/2022,05/09/2022,2022,"Site 23"
WWS-00493,Site-24,05/06/2022,05/02/2022,2022,"Site 24"
WWS-00494,Site-24,05/10/2022,05/09/2022,2022,"Site 24"
WWS-00495,Eppley,05/09/2022,05/09/2022,2022,"Eppley Airfield Omaha, NE"
WWS-00496,Eppley,05/12/2022,05/09/2022,2022,"Eppley Airfield Omaha, NE"
WWS-00497,Theresa-St,05/17/2022,05/16/2022,2022,"Theresa St. Lincoln, NE"
WWS-00498,Theresa-St,05/19/2022,05/16/2022,2022,"Theresa St. Lincoln, NE"
WWS-00499,Papillion-Creek,05/16/2022,05/16/2022,2022,"Papillion Creek Papillion, NE"
WWS-00500,Papillion-Creek,05/18/2022,05/16/2022,2022,"Papillion Creek Papillion, NE"
WWS-00501,Missouri-River,05/16/2022,05/16/2022,2022,"Missouri River Omaha, NE"
WWS-00502,Missouri-River,05/18/2022,05/16/2022,2022,"Missouri River Omaha, NE"
WWS-00503,Scottsbluff,05/12/2022,05/09/2022,2022,"Scottsbluff, NE"
WWS-00504,Scottsbluff,05/17/2022,05/16/2022,2022,"Scottsbluff, NE"
WWS-00505,Kearney,05/12/2022,05/09/2022,2022,"Kearney, NE"
WWS-00506,Kearney,05/16/2022,05/16/2022,2022,"Kearney, NE"
WWS-00507,Grand-Island,05/12/2022,05/09/2022,2022,"Grand Island, NE"
WWS-00508,Grand-Island,05/16/2022,05/16/2022,2022,"Grand Island, NE"
WWS-00509,Columbus,05/13/2022,05/09/2022,2022,"Columbus, NE"
WWS-00510,Columbus,05/18/2022,05/16/2022,2022,"Columbus, NE"
WWS-00511,Site-10,05/13/2022,05/09/2022,2022,"Site 10"
WWS-00512,Site-10,05/16/2022,05/16/2022,2022,"Site 10"
WWS-00513,Site-11,05/12/2022,05/09/2022,2022,"Site 11"
WWS-00514,Site-18,05/18/2022,05/16/2022,2022,"Site 18"
WWS-00515,Site-18,05/19/2022,05/16/2022,2022,"Site 18"
WWS-00516,Site-11,05/17/2022,05/16/2022,2022,"Site 11"
WWS-00517,Hastings,05/11/2022,05/09/2022,2022,"Hastings, NE"
WWS-00518,Hastings,05/16/2022,05/16/2022,2022,"Hastings, NE"
WWS-00519,Site-23,05/17/2022,05/16/2022,2022,"Site 23"
WWS-00520,Site-23,05/19/2022,05/16/2022,2022,"Site 23"
WWS-00521,Site-24,05/13/2022,05/09/2022,2022,"Site 24"
WWS-00522,Site-24,05/17/2022,05/16/2022,2022,"Site 24"
WWS-00523,Theresa-St,05/24/2022,05/23/2022,2022,"Theresa St. Lincoln, NE"
WWS-00524,Theresa-St,05/26/2022,05/23/2022,2022,"Theresa St. Lincoln, NE"
WWS-00525,Papillion-Creek,05/23/2022,05/23/2022,2022,"Papillion Creek Papillion, NE"
WWS-00526,Papillion-Creek,05/25/2022,05/23/2022,2022,"Papillion Creek Papillion, NE"
WWS-00527,Missouri-River,05/23/2022,05/23/2022,2022,"Missouri River Omaha, NE"
WWS-00528,Missouri-River,05/25/2022,05/23/2022,2022,"Missouri River Omaha, NE"
WWS-00529,Scottsbluff,05/19/2022,05/16/2022,2022,"Scottsbluff, NE"
WWS-00530,Scottsbluff,05/24/2022,05/23/2022,2022,"Scottsbluff, NE"
WWS-00531,Kearney,05/19/2022,05/16/2022,2022,"Kearney, NE"
WWS-00532,Kearney,05/23/2022,05/23/2022,2022,"Kearney, NE"
WWS-00533,Grand-Island,05/19/2022,05/16/2022,2022,"Grand Island, NE"
WWS-00534,Grand-Island,05/23/2022,05/23/2022,2022,"Grand Island, NE"
WWS-00535,Columbus,05/20/2022,05/16/2022,2022,"Columbus, NE"
WWS-00536,Columbus,05/25/2022,05/23/2022,2022,"Columbus, NE"
WWS-00537,Site-10,05/20/2022,05/16/2022,2022,"Site 10"
WWS-00538,Site-10,05/24/2022,05/23/2022,2022,"Site 10"
WWS-00539,Site-11,05/19/2022,05/16/2022,2022,"Site 11"
WWS-00540,Site-11,05/24/2022,05/23/2022,2022,"Site 11"
WWS-00541,Eppley,05/23/2022,05/23/2022,2022,"Eppley Airfield Omaha, NE"
WWS-00542,Eppley,05/25/2022,05/23/2022,2022,"Eppley Airfield Omaha, NE"
WWS-00543,Site-18,05/26/2022,05/23/2022,2022,"Site 18"
WWS-00544,Site-19,05/24/2022,05/23/2022,2022,"Site 19"
WWS-00545,Site-19,05/25/2022,05/23/2022,2022,"Site 19"
WWS-00546,Hastings,05/19/2022,05/16/2022,2022,"Hastings, NE"
WWS-00547,Hastings,05/23/2022,05/23/2022,2022,"Hastings, NE"
WWS-00548,Site-23,05/24/2022,05/23/2022,2022,"Site 23"
WWS-00549,Site-23,05/26/2022,05/23/2022,2022,"Site 23"
WWS-00550,Site-24,05/20/2022,05/16/2022,2022,"Site 24"
WWS-00551,Site-24,05/24/2022,05/23/2022,2022,"Site 24"
WWS-00552,Theresa-St,05/31/2022,05/30/2022,2022,"Theresa St. Lincoln, NE"
WWS-00553,Theresa-St,06/02/2022,05/30/2022,2022,"Theresa St. Lincoln, NE"
WWS-00554,Papillion-Creek,05/30/2022,05/30/2022,2022,"Papillion Creek Papillion, NE"
WWS-00555,Papillion-Creek,06/01/2022,05/30/2022,2022,"Papillion Creek Papillion, NE"
WWS-00556,Missouri-River,05/30/2022,05/30/2022,2022,"Missouri River Omaha, NE"
WWS-00557,Missouri-River,06/01/2022,05/30/2022,2022,"Missouri River Omaha, NE"
WWS-00558,Columbus,05/27/2022,05/23/2022,2022,"Columbus, NE"
WWS-00559,Columbus,06/01/2022,05/30/2022,2022,"Columbus, NE"
WWS-00560,Site-10,05/27/2022,05/23/2022,2022,"Site 10"
WWS-00561,Site-10,05/31/2022,05/30/2022,2022,"Site 10"
WWS-00562,Site-11,05/26/2022,05/23/2022,2022,"Site 11"
WWS-00563,Site-11,05/31/2022,05/30/2022,2022,"Site 11"
WWS-00564,Eppley,05/31/2022,05/30/2022,2022,"Eppley Airfield Omaha, NE"
WWS-00565,Eppley,06/01/2022,05/30/2022,2022,"Eppley Airfield Omaha, NE"
WWS-00566,Site-18,06/01/2022,05/30/2022,2022,"Site 18"
WWS-00567,Site-18,06/02/2022,05/30/2022,2022,"Site 18"
WWS-00568,Hastings,05/26/2022,05/23/2022,2022,"Hastings, NE"
WWS-00569,Hastings,05/31/2022,05/30/2022,2022,"Hastings, NE"
WWS-00570,Site-23,05/31/2022,05/30/2022,2022,"Site 23"
WWS-00571,Site-23,06/02/2022,05/30/2022,2022,"Site 23"
WWS-00572,Theresa-St,06/07/2022,06/06/2022,2022,"Theresa St. Lincoln, NE"
WWS-00573,Theresa-St,06/09/2022,06/06/2022,2022,"Theresa St. Lincoln, NE"
WWS-00574,Papillion-Creek,06/06/2022,06/06/2022,2022,"Papillion Creek Papillion, NE"
WWS-00575,Papillion-Creek,06/08/2022,06/06/2022,2022,"Papillion Creek Papillion, NE"
WWS-00576,Missouri-River,06/06/2022,06/06/2022,2022,"Missouri River Omaha, NE"
WWS-00577,Missouri-River,06/08/2022,06/06/2022,2022,"Missouri River Omaha, NE"
WWS-00578,Kearney,05/26/2022,05/23/2022,2022,"Kearney, NE"
WWS-00579,Kearney,05/30/2022,05/30/2022,2022,"Kearney, NE"
WWS-00580,Kearney,06/02/2022,05/30/2022,2022,"Kearney, NE"
WWS-00581,Kearney,06/06/2022,06/06/2022,2022,"Kearney, NE"
WWS-00582,Grand-Island,06/06/2022,06/06/2022,2022,"Grand Island, NE"
WWS-00583,Columbus,06/03/2022,05/30/2022,2022,"Columbus, NE"
WWS-00584,Columbus,06/08/2022,06/06/2022,2022,"Columbus, NE"
WWS-00585,Site-10,06/03/2022,05/30/2022,2022,"Site 10"
WWS-00586,Site-10,06/07/2022,06/06/2022,2022,"Site 10"
WWS-00587,Site-11,06/02/2022,05/30/2022,2022,"Site 11"
WWS-00588,Site-11,06/07/2022,06/06/2022,2022,"Site 11"
WWS-00589,Eppley,06/06/2022,06/06/2022,2022,"Eppley Airfield Omaha, NE"
WWS-00590,Eppley,06/08/2022,06/06/2022,2022,"Eppley Airfield Omaha, NE"
WWS-00591,Site-18,06/08/2022,06/06/2022,2022,"Site 18"
WWS-00592,Site-18,06/09/2022,06/06/2022,2022,"Site 18"
WWS-00593,Hastings,06/02/2022,05/30/2022,2022,"Hastings, NE"
WWS-00594,Hastings,06/06/2022,06/06/2022,2022,"Hastings, NE"
WWS-00595,Site-23,06/07/2022,06/06/2022,2022,"Site 23"
WWS-00596,Site-23,06/09/2022,06/06/2022,2022,"Site 23"
WWS-00597,Theresa-St,06/14/2022,06/13/2022,2022,"Theresa St. Lincoln, NE"
WWS-00598,Theresa-St,06/16/2022,06/13/2022,2022,"Theresa St. Lincoln, NE"
WWS-00599,Papillion-Creek,06/13/2022,06/13/2022,2022,"Papillion Creek Papillion, NE"
WWS-00600,Papillion-Creek,06/15/2022,06/13/2022,2022,"Papillion Creek Papillion, NE"
WWS-00601,Missouri-River,06/13/2022,06/13/2022,2022,"Missouri River Omaha, NE"
WWS-00602,Missouri-River,06/15/2022,06/13/2022,2022,"Missouri River Omaha, NE"
WWS-00603,Scottsbluff,06/10/2022,06/06/2022,2022,"Scottsbluff, NE"
WWS-00604,Scottsbluff,06/14/2022,06/13/2022,2022,"Scottsbluff, NE"
WWS-00605,Kearney,06/09/2022,06/06/2022,2022,"Kearney, NE"
WWS-00606,Kearney,06/13/2022,06/13/2022,2022,"Kearney, NE"
WWS-00607,Grand-Island,06/09/2022,06/06/2022,2022,"Grand Island, NE"
WWS-00608,Grand-Island,06/13/2022,06/13/2022,2022,"Grand Island, NE"
WWS-00609,Columbus,06/10/2022,06/06/2022,2022,"Columbus, NE"
WWS-00610,Columbus,06/15/2022,06/13/2022,2022,"Columbus, NE"
WWS-00611,Site-10,06/14/2022,06/13/2022,2022,"Site 10"
WWS-00612,Site-10,06/14/2022,06/13/2022,2022,"Site 10"
WWS-00613,Site-11,06/09/2022,06/06/2022,2022,"Site 11"
WWS-00614,Site-11,06/14/2022,06/13/2022,2022,"Site 11"
WWS-00615,Site-18,06/15/2022,06/13/2022,2022,"Site 18"
WWS-00616,Site-18,06/15/2022,06/13/2022,2022,"Site 18"
WWS-00617,Hastings,06/07/2022,06/06/2022,2022,"Hastings, NE"
WWS-00618,Hastings,06/14/2022,06/13/2022,2022,"Hastings, NE"
WWS-00619,Site-22,06/10/2022,06/06/2022,2022,"Site 22"
WWS-00620,Site-22,06/13/2022,06/13/2022,2022,"Site 22"
WWS-00621,Site-23,06/14/2022,06/13/2022,2022,"Site 23"
WWS-00622,Site-23,06/16/2022,06/13/2022,2022,"Site 23"
WWS-00623,Site-19,06/07/2022,06/06/2022,2022,"Site 19"
WWS-00624,Site-19,06/08/2022,06/06/2022,2022,"Site 19"
WWS-00625,Site-19,06/14/2022,06/13/2022,2022,"Site 19"
WWS-00626,Site-19,06/15/2022,06/13/2022,2022,"Site 19"
WWS-00627,Theresa-St,06/21/2022,06/20/2022,2022,"Theresa St. Lincoln, NE"
WWS-00628,Theresa-St,06/23/2022,06/20/2022,2022,"Theresa St. Lincoln, NE"
WWS-00629,Papillion-Creek,06/20/2022,06/20/2022,2022,"Papillion Creek Papillion, NE"
WWS-00630,Papillion-Creek,06/22/2022,06/20/2022,2022,"Papillion Creek Papillion, NE"
WWS-00631,Missouri-River,06/20/2022,06/20/2022,2022,"Missouri River Omaha, NE"
WWS-00632,Missouri-River,06/22/2022,06/20/2022,2022,"Missouri River Omaha, NE"
WWS-00633,Scottsbluff,06/17/2022,06/13/2022,2022,"Scottsbluff, NE"
WWS-00634,Scottsbluff,06/21/2022,06/20/2022,2022,"Scottsbluff, NE"
WWS-00635,Kearney,06/16/2022,06/13/2022,2022,"Kearney, NE"
WWS-00636,Kearney,06/20/2022,06/20/2022,2022,"Kearney, NE"
WWS-00637,Grand-Island,06/16/2022,06/13/2022,2022,"Grand Island, NE"
WWS-00638,Grand-Island,06/20/2022,06/20/2022,2022,"Grand Island, NE"
WWS-00639,Columbus,06/17/2022,06/13/2022,2022,"Columbus, NE"
WWS-00640,Columbus,06/22/2022,06/20/2022,2022,"Columbus, NE"
WWS-00641,Site-10,06/17/2022,06/13/2022,2022,"Site 10"
WWS-00642,Site-10,06/21/2022,06/20/2022,2022,"Site 10"
WWS-00643,Site-11,06/16/2022,06/13/2022,2022,"Site 11"
WWS-00644,Site-11,06/21/2022,06/20/2022,2022,"Site 11"
WWS-00645,Eppley,06/20/2022,06/20/2022,2022,"Eppley Airfield Omaha, NE"
WWS-00646,Eppley,06/22/2022,06/20/2022,2022,"Eppley Airfield Omaha, NE"
WWS-00647,Site-17,06/20/2022,06/20/2022,2022,"Site 17"
WWS-00648,Site-17,06/22/2022,06/20/2022,2022,"Site 17"
WWS-00649,Site-18,06/22/2022,06/20/2022,2022,"Site 18"
WWS-00650,Site-18,06/13/2022,06/13/2022,2022,"Site 18"
WWS-00651,Hastings,06/15/2022,06/13/2022,2022,"Hastings, NE"
WWS-00652,Hastings,06/21/2022,06/20/2022,2022,"Hastings, NE"
WWS-00653,Site-22,06/17/2022,06/13/2022,2022,"Site 22"
WWS-00654,Site-22,06/20/2022,06/20/2022,2022,"Site 22"
WWS-00655,Site-23,06/21/2022,06/20/2022,2022,"Site 23"
WWS-00656,Site-23,06/23/2022,06/20/2022,2022,"Site 23"
WWS-00657,Theresa-St,06/28/2022,06/27/2022,2022,"Theresa St. Lincoln, NE"
WWS-00658,Theresa-St,06/30/2022,06/27/2022,2022,"Theresa St. Lincoln, NE"
WWS-00659,Papillion-Creek,06/20/2022,06/20/2022,2022,"Papillion Creek Papillion, NE"
WWS-00660,Papillion-Creek,06/22/2022,06/20/2022,2022,"Papillion Creek Papillion, NE"
WWS-00661,Missouri-River,06/20/2022,06/20/2022,2022,"Missouri River Omaha, NE"
WWS-00662,Missouri-River,06/22/2022,06/20/2022,2022,"Missouri River Omaha, NE"
WWS-00663,Scottsbluff,06/23/2022,06/20/2022,2022,"Scottsbluff, NE"
WWS-00664,Scottsbluff,06/28/2022,06/27/2022,2022,"Scottsbluff, NE"
WWS-00665,Kearney,06/23/2022,06/20/2022,2022,"Kearney, NE"
WWS-00666,Kearney,06/27/2022,06/27/2022,2022,"Kearney, NE"
WWS-00667,Grand-Island,06/23/2022,06/20/2022,2022,"Grand Island, NE"
WWS-00668,Grand-Island,06/27/2022,06/27/2022,2022,"Grand Island, NE"
WWS-00669,Columbus,06/24/2022,06/20/2022,2022,"Columbus, NE"
WWS-00670,Columbus,06/29/2022,06/27/2022,2022,"Columbus, NE"
WWS-00671,Site-10,06/24/2022,06/20/2022,2022,"Site 10"
WWS-00672,Site-10,06/28/2022,06/27/2022,2022,"Site 10"
WWS-00673,Site-11,06/23/2022,06/20/2022,2022,"Site 11"
WWS-00674,Site-11,06/28/2022,06/27/2022,2022,"Site 11"
WWS-00675,Site-17,06/23/2022,06/20/2022,2022,"Site 17"
WWS-00676,Site-17,06/28/2022,06/27/2022,2022,"Site 17"
WWS-00677,Site-18,06/30/2022,06/27/2022,2022,"Site 18"
WWS-00678,Site-19,06/29/2022,06/27/2022,2022,"Site 19"
WWS-00679,Site-19,06/30/2022,06/27/2022,2022,"Site 19"
WWS-00680,Hastings,06/23/2022,06/20/2022,2022,"Hastings, NE"
WWS-00681,Hastings,06/28/2022,06/27/2022,2022,"Hastings, NE"
WWS-00682,Site-22,06/24/2022,06/20/2022,2022,"Site 22"
WWS-00683,Site-22,06/27/2022,06/27/2022,2022,"Site 22"
WWS-00684,Site-23,06/28/2022,06/27/2022,2022,"Site 23"
WWS-00685,Site-23,06/30/2022,06/27/2022,2022,"Site 23"
