Lineage,Parent,Label
AY.1,B.1.617.2,Delta
AY.10,B.1.617.2,Delta
AY.100,B.1.617.2,Delta
AY.101,B.1.617.2,Delta
AY.102,B.1.617.2,Delta
AY.103,B.1.617.2,Delta
AY.103.1,B.1.617.2,Delta
AY.104,B.1.617.2,Delta
AY.105,B.1.617.2,Delta
AY.106,B.1.617.2,Delta
AY.107,B.1.617.2,Delta
AY.108,B.1.617.2,Delta
AY.109,B.1.617.2,Delta
AY.11,B.1.617.2,Delta
AY.110,B.1.617.2,Delta
AY.111,B.1.617.2,Delta
AY.112,B.1.617.2,Delta
AY.112.1,B.1.617.2,Delta
AY.112.2,B.1.617.2,Delta
AY.112.3,B.1.617.2,Delta
AY.113,B.1.617.2,Delta
AY.114,B.1.617.2,Delta
AY.116,B.1.617.2,Delta
AY.116.1,B.1.617.2,Delta
AY.117,B.1.617.2,Delta
AY.118,B.1.617.2,Delta
AY.119,B.1.617.2,Delta
AY.119.1,B.1.617.2,Delta
AY.119.2,B.1.617.2,Delta
AY.120,B.1.617.2,Delta
AY.120.1,B.1.617.2,Delta
AY.120.2,B.1.617.2,Delta
AY.120.2.1,B.1.617.2,Delta
AY.121,B.1.617.2,Delta
AY.121.1,B.1.617.2,Delta
AY.122,B.1.617.2,Delta
AY.122.1,B.1.617.2,Delta
AY.122.2,B.1.617.2,Delta
AY.122.3,B.1.617.2,Delta
AY.122.4,B.1.617.2,Delta
AY.122.5,B.1.617.2,Delta
AY.122.6,B.1.617.2,Delta
AY.123,B.1.617.2,Delta
AY.123.1,B.1.617.2,Delta
AY.124,B.1.617.2,Delta
AY.124.1,B.1.617.2,Delta
AY.124.1.1,B.1.617.2,Delta
AY.125,B.1.617.2,Delta
AY.125.1,B.1.617.2,Delta
AY.126,B.1.617.2,Delta
AY.127,B.1.617.2,Delta
AY.127.1,B.1.617.2,Delta
AY.128,B.1.617.2,Delta
AY.129,B.1.617.2,Delta
AY.13,B.1.617.2,Delta
AY.130,B.1.617.2,Delta
AY.131,B.1.617.2,Delta
AY.132,B.1.617.2,Delta
AY.133,B.1.617.2,Delta
AY.134,B.1.617.2,Delta
AY.14,B.1.617.2,Delta
AY.15,B.1.617.2,Delta
AY.16,B.1.617.2,Delta
AY.16.1,B.1.617.2,Delta
AY.17,B.1.617.2,Delta
AY.19,B.1.617.2,Delta
AY.2,B.1.617.2,Delta
AY.20,B.1.617.2,Delta
AY.20.1,B.1.617.2,Delta
AY.21,B.1.617.2,Delta
AY.22,B.1.617.2,Delta
AY.23,B.1.617.2,Delta
AY.23.1,B.1.617.2,Delta
AY.23.2,B.1.617.2,Delta
AY.24,B.1.617.2,Delta
AY.24.1,B.1.617.2,Delta
AY.25,B.1.617.2,Delta
AY.25.1,B.1.617.2,Delta
AY.25.1.1,B.1.617.2,Delta
AY.25.1.2,B.1.617.2,Delta
AY.25.2,B.1.617.2,Delta
AY.25.3,B.1.617.2,Delta
AY.26,B.1.617.2,Delta
AY.26.1,B.1.617.2,Delta
AY.27,B.1.617.2,Delta
AY.28,B.1.617.2,Delta
AY.29,B.1.617.2,Delta
AY.29.1,B.1.617.2,Delta
AY.29.2,B.1.617.2,Delta
AY.3,B.1.617.2,Delta
AY.3.1,B.1.617.2,Delta
AY.3.3,B.1.617.2,Delta
AY.3.4,B.1.617.2,Delta
AY.30,B.1.617.2,Delta
AY.31,B.1.617.2,Delta
AY.32,B.1.617.2,Delta
AY.33,B.1.617.2,Delta
AY.33.1,B.1.617.2,Delta
AY.33.2,B.1.617.2,Delta
AY.34,B.1.617.2,Delta
AY.34.1,B.1.617.2,Delta
AY.34.1.1,B.1.617.2,Delta
AY.34.2,B.1.617.2,Delta
AY.35,B.1.617.2,Delta
AY.36,B.1.617.2,Delta
AY.36.1,B.1.617.2,Delta
AY.37,B.1.617.2,Delta
AY.38,B.1.617.2,Delta
AY.39,B.1.617.2,Delta
AY.39.1,B.1.617.2,Delta
AY.39.1.1,B.1.617.2,Delta
AY.39.1.2,B.1.617.2,Delta
AY.39.1.3,B.1.617.2,Delta
AY.39.1.4,B.1.617.2,Delta
AY.39.2,B.1.617.2,Delta
AY.39.3,B.1.617.2,Delta
AY.4,B.1.617.2,Delta
AY.4.1,B.1.617.2,Delta
AY.4.10,B.1.617.2,Delta
AY.4.11,B.1.617.2,Delta
AY.4.12,B.1.617.2,Delta
AY.4.13,B.1.617.2,Delta
AY.4.14,B.1.617.2,Delta
AY.4.15,B.1.617.2,Delta
AY.4.16,B.1.617.2,Delta
AY.4.17,B.1.617.2,Delta
AY.4.2,B.1.617.2,Delta
AY.4.2.1,B.1.617.2,Delta
AY.4.2.2,B.1.617.2,Delta
AY.4.2.3,B.1.617.2,Delta
AY.4.2.4,B.1.617.2,Delta
AY.4.2.5,B.1.617.2,Delta
AY.4.3,B.1.617.2,Delta
AY.4.4,B.1.617.2,Delta
AY.4.5,B.1.617.2,Delta
AY.4.6,B.1.617.2,Delta
AY.4.7,B.1.617.2,Delta
AY.4.8,B.1.617.2,Delta
AY.4.9,B.1.617.2,Delta
AY.41,B.1.617.2,Delta
AY.42,B.1.617.2,Delta
AY.42.1,B.1.617.2,Delta
AY.43,B.1.617.2,Delta
AY.43.1,B.1.617.2,Delta
AY.43.2,B.1.617.2,Delta
AY.43.3,B.1.617.2,Delta
AY.43.4,B.1.617.2,Delta
AY.43.5,B.1.617.2,Delta
AY.43.6,B.1.617.2,Delta
AY.43.7,B.1.617.2,Delta
AY.43.8,B.1.617.2,Delta
AY.43.9,B.1.617.2,Delta
AY.44,B.1.617.2,Delta
AY.45,B.1.617.2,Delta
AY.46,B.1.617.2,Delta
AY.46.1,B.1.617.2,Delta
AY.46.2,B.1.617.2,Delta
AY.46.3,B.1.617.2,Delta
AY.46.4,B.1.617.2,Delta
AY.46.5,B.1.617.2,Delta
AY.46.6,B.1.617.2,Delta
AY.46.6.1,B.1.617.2,Delta
AY.47,B.1.617.2,Delta
AY.48,B.1.617.2,Delta
AY.49,B.1.617.2,Delta
AY.5,B.1.617.2,Delta
AY.5.1,B.1.617.2,Delta
AY.5.2,B.1.617.2,Delta
AY.5.3,B.1.617.2,Delta
AY.5.4,B.1.617.2,Delta
AY.5.5,B.1.617.2,Delta
AY.5.6,B.1.617.2,Delta
AY.50,B.1.617.2,Delta
AY.51,B.1.617.2,Delta
AY.52,B.1.617.2,Delta
AY.53,B.1.617.2,Delta
AY.54,B.1.617.2,Delta
AY.55,B.1.617.2,Delta
AY.56,B.1.617.2,Delta
AY.57,B.1.617.2,Delta
AY.58,B.1.617.2,Delta
AY.59,B.1.617.2,Delta
AY.6,B.1.617.2,Delta
AY.60,B.1.617.2,Delta
AY.61,B.1.617.2,Delta
AY.62,B.1.617.2,Delta
AY.63,B.1.617.2,Delta
AY.64,B.1.617.2,Delta
AY.65,B.1.617.2,Delta
AY.66,B.1.617.2,Delta
AY.67,B.1.617.2,Delta
AY.68,B.1.617.2,Delta
AY.69,B.1.617.2,Delta
AY.7,B.1.617.2,Delta
AY.7.1,B.1.617.2,Delta
AY.7.2,B.1.617.2,Delta
AY.70,B.1.617.2,Delta
AY.71,B.1.617.2,Delta
AY.72,B.1.617.2,Delta
AY.73,B.1.617.2,Delta
AY.74,B.1.617.2,Delta
AY.75,B.1.617.2,Delta
AY.75.2,B.1.617.2,Delta
AY.75.3,B.1.617.2,Delta
AY.76,B.1.617.2,Delta
AY.77,B.1.617.2,Delta
AY.78,B.1.617.2,Delta
AY.79,B.1.617.2,Delta
AY.8,B.1.617.2,Delta
AY.80,B.1.617.2,Delta
AY.81,B.1.617.2,Delta
AY.82,B.1.617.2,Delta
AY.83,B.1.617.2,Delta
AY.84,B.1.617.2,Delta
AY.85,B.1.617.2,Delta
AY.86,B.1.617.2,Delta
AY.87,B.1.617.2,Delta
AY.88,B.1.617.2,Delta
AY.9,B.1.617.2,Delta
AY.9.2,B.1.617.2,Delta
AY.9.2.2,B.1.617.2,Delta
AY.90,B.1.617.2,Delta
AY.91,B.1.617.2,Delta
AY.91.1,B.1.617.2,Delta
AY.92,B.1.617.2,Delta
AY.93,B.1.617.2,Delta
AY.94,B.1.617.2,Delta
AY.95,B.1.617.2,Delta
AY.98,B.1.617.2,Delta
AY.98.1,B.1.617.2,Delta
AY.98.1.1,B.1.617.2,Delta
AY.99,B.1.617.2,Delta
AY.99.1,B.1.617.2,Delta
AY.99.2,B.1.617.2,Delta
B.1.617.2,B.1.617.2,Delta
21I (Delta),21I (Delta),Delta
21J (Delta),21J (Delta),Delta
21L (Omicron),BA.1,Omicron
21M (Omicron),BA.2,Omicron (BA.2)
A,A,Not a VOC
A.1,A,Not a VOC
A.11,A,Not a VOC
A.12,A,Not a VOC
A.18,A,Not a VOC
A.19,A,Not a VOC
A.2,A,Not a VOC
A.2.2,A,Not a VOC
A.2.3,A,Not a VOC
A.2.4,A,Not a VOC
A.2.5,A,Not a VOC
A.2.5.1,A,Not a VOC
A.2.5.2,A,Not a VOC
A.2.5.3,A,Not a VOC
A.21,A,Not a VOC
A.23,A,Not a VOC
A.23.1,A,Not a VOC
A.24,A,Not a VOC
A.25,A,Not a VOC
A.26,A,Not a VOC
A.27,A,Not a VOC
A.28,A,Not a VOC
A.29,A,Not a VOC
A.3,A,Not a VOC
A.4,A,Not a VOC
A.5,A,Not a VOC
A.6,A,Not a VOC
A.7,A,Not a VOC
AA.1,B.1,Not a VOC
AA.2,B.1,Not a VOC
AA.3,B.1,Not a VOC
AA.4,B.1,Not a VOC
AA.5,B.1,Not a VOC
AA.6,B.1,Not a VOC
AA.7,B.1,Not a VOC
AA.8,B.1,Not a VOC
AC.1,B.1,Not a VOC
AD.2,B.1,Not a VOC
AE.1,B.1,Not a VOC
AE.2,B.1,Not a VOC
AE.4,B.1,Not a VOC
AE.6,B.1,Not a VOC
AE.7,B.1,Not a VOC
AF.1,B.1,Not a VOC
AG.1,B.1,Not a VOC
AH.1,B.1,Not a VOC
AH.2,B.1,Not a VOC
AH.3,B.1,Not a VOC
AK.1,B.1,Not a VOC
AK.2,B.1,Not a VOC
AM.3,B.1,Not a VOC
AN.1,B.1,Not a VOC
AP.1,B.1,Not a VOC
AQ.1,B.1,Not a VOC
AS.1,B.1,Not a VOC
AS.2,B.1,Not a VOC
AT.1,B.1,Not a VOC
AV.1,B.1,Not a VOC
B,B,Not a VOC
B.1,B,Not a VOC
B.1.1,B,Not a VOC
B.1.1.1,B,Not a VOC
B.1.1.10,B,Not a VOC
B.1.1.101,B,Not a VOC
B.1.1.107,B,Not a VOC
B.1.1.109,B,Not a VOC
B.1.1.111,B,Not a VOC
B.1.1.113,B,Not a VOC
B.1.1.114,B,Not a VOC
B.1.1.115,B,Not a VOC
B.1.1.116,B,Not a VOC
B.1.1.117,B,Not a VOC
B.1.1.118,B,Not a VOC
B.1.1.119,B,Not a VOC
B.1.1.12,B,Not a VOC
B.1.1.120,B,Not a VOC
B.1.1.121,B,Not a VOC
B.1.1.122,B,Not a VOC
B.1.1.123,B,Not a VOC
B.1.1.125,B,Not a VOC
B.1.1.128,B,Not a VOC
B.1.1.129,B,Not a VOC
B.1.1.13,B,Not a VOC
B.1.1.130,B,Not a VOC
B.1.1.132,B,Not a VOC
B.1.1.133,B,Not a VOC
B.1.1.134,B,Not a VOC
B.1.1.135,B,Not a VOC
B.1.1.136,B,Not a VOC
B.1.1.137,B,Not a VOC
B.1.1.138,B,Not a VOC
B.1.1.139,B,Not a VOC
B.1.1.14,B,Not a VOC
B.1.1.141,B,Not a VOC
B.1.1.142,B,Not a VOC
B.1.1.144,B,Not a VOC
B.1.1.145,B,Not a VOC
B.1.1.147,B,Not a VOC
B.1.1.148,B,Not a VOC
B.1.1.149,B,Not a VOC
B.1.1.15,B,Not a VOC
B.1.1.152,B,Not a VOC
B.1.1.153,B,Not a VOC
B.1.1.154,B,Not a VOC
B.1.1.155,B,Not a VOC
B.1.1.158,B,Not a VOC
B.1.1.159,B,Not a VOC
B.1.1.16,B,Not a VOC
B.1.1.160,B,Not a VOC
B.1.1.161,B,Not a VOC
B.1.1.162,B,Not a VOC
B.1.1.163,B,Not a VOC
B.1.1.164,B,Not a VOC
B.1.1.165,B,Not a VOC
B.1.1.166,B,Not a VOC
B.1.1.168,B,Not a VOC
B.1.1.169,B,Not a VOC
B.1.1.17,B,Not a VOC
B.1.1.170,B,Not a VOC
B.1.1.171,B,Not a VOC
B.1.1.172,B,Not a VOC
B.1.1.174,B,Not a VOC
B.1.1.175,B,Not a VOC
B.1.1.176,B,Not a VOC
B.1.1.177,B,Not a VOC
B.1.1.178,B,Not a VOC
B.1.1.180,B,Not a VOC
B.1.1.181,B,Not a VOC
B.1.1.182,B,Not a VOC
B.1.1.185,B,Not a VOC
B.1.1.186,B,Not a VOC
B.1.1.187,B,Not a VOC
B.1.1.189,B,Not a VOC
B.1.1.190,B,Not a VOC
B.1.1.192,B,Not a VOC
B.1.1.193,B,Not a VOC
B.1.1.194,B,Not a VOC
B.1.1.196,B,Not a VOC
B.1.1.197,B,Not a VOC
B.1.1.198,B,Not a VOC
B.1.1.200,B,Not a VOC
B.1.1.201,B,Not a VOC
B.1.1.203,B,Not a VOC
B.1.1.204,B,Not a VOC
B.1.1.205,B,Not a VOC
B.1.1.207,B,Not a VOC
B.1.1.208,B,Not a VOC
B.1.1.209,B,Not a VOC
B.1.1.210,B,Not a VOC
B.1.1.213,B,Not a VOC
B.1.1.214,B,Not a VOC
B.1.1.216,B,Not a VOC
B.1.1.217,B,Not a VOC
B.1.1.218,B,Not a VOC
B.1.1.219,B,Not a VOC
B.1.1.220,B,Not a VOC
B.1.1.221,B,Not a VOC
B.1.1.222,B,Not a VOC
B.1.1.224,B,Not a VOC
B.1.1.225,B,Not a VOC
B.1.1.226,B,Not a VOC
B.1.1.227,B,Not a VOC
B.1.1.228,B,Not a VOC
B.1.1.229,B,Not a VOC
B.1.1.231,B,Not a VOC
B.1.1.232,B,Not a VOC
B.1.1.234,B,Not a VOC
B.1.1.236,B,Not a VOC
B.1.1.237,B,Not a VOC
B.1.1.239,B,Not a VOC
B.1.1.240,B,Not a VOC
B.1.1.241,B,Not a VOC
B.1.1.242,B,Not a VOC
B.1.1.243,B,Not a VOC
B.1.1.244,B,Not a VOC
B.1.1.249,B,Not a VOC
B.1.1.25,B,Not a VOC
B.1.1.251,B,Not a VOC
B.1.1.253,B,Not a VOC
B.1.1.254,B,Not a VOC
B.1.1.255,B,Not a VOC
B.1.1.256,B,Not a VOC
B.1.1.257,B,Not a VOC
B.1.1.258,B,Not a VOC
B.1.1.26,B,Not a VOC
B.1.1.261,B,Not a VOC
B.1.1.262,B,Not a VOC
B.1.1.263,B,Not a VOC
B.1.1.265,B,Not a VOC
B.1.1.266,B,Not a VOC
B.1.1.268,B,Not a VOC
B.1.1.269,B,Not a VOC
B.1.1.27,B,Not a VOC
B.1.1.270,B,Not a VOC
B.1.1.274,B,Not a VOC
B.1.1.275,B,Not a VOC
B.1.1.277,B,Not a VOC
B.1.1.279,B,Not a VOC
B.1.1.280,B,Not a VOC
B.1.1.282,B,Not a VOC
B.1.1.283,B,Not a VOC
B.1.1.284,B,Not a VOC
B.1.1.285,B,Not a VOC
B.1.1.286,B,Not a VOC
B.1.1.288,B,Not a VOC
B.1.1.289,B,Not a VOC
B.1.1.29,B,Not a VOC
B.1.1.290,B,Not a VOC
B.1.1.291,B,Not a VOC
B.1.1.294,B,Not a VOC
B.1.1.296,B,Not a VOC
B.1.1.297,B,Not a VOC
B.1.1.298,B,Not a VOC
B.1.1.299,B,Not a VOC
B.1.1.3,B,Not a VOC
B.1.1.300,B,Not a VOC
B.1.1.301,B,Not a VOC
B.1.1.302,B,Not a VOC
B.1.1.303,B,Not a VOC
B.1.1.304,B,Not a VOC
B.1.1.305,B,Not a VOC
B.1.1.306,B,Not a VOC
B.1.1.307,B,Not a VOC
B.1.1.308,B,Not a VOC
B.1.1.309,B,Not a VOC
B.1.1.310,B,Not a VOC
B.1.1.311,B,Not a VOC
B.1.1.312,B,Not a VOC
B.1.1.315,B,Not a VOC
B.1.1.316,B,Not a VOC
B.1.1.317,B,Not a VOC
B.1.1.318,B,Not a VOC
B.1.1.320,B,Not a VOC
B.1.1.322,B,Not a VOC
B.1.1.323,B,Not a VOC
B.1.1.325,B,Not a VOC
B.1.1.326,B,Not a VOC
B.1.1.327,B,Not a VOC
B.1.1.328,B,Not a VOC
B.1.1.329,B,Not a VOC
B.1.1.33,B,Not a VOC
B.1.1.336,B,Not a VOC
B.1.1.337,B,Not a VOC
B.1.1.338,B,Not a VOC
B.1.1.339,B,Not a VOC
B.1.1.34,B,Not a VOC
B.1.1.341,B,Not a VOC
B.1.1.344,B,Not a VOC
B.1.1.345,B,Not a VOC
B.1.1.347,B,Not a VOC
B.1.1.348,B,Not a VOC
B.1.1.349,B,Not a VOC
B.1.1.351,B,Not a VOC
B.1.1.352,B,Not a VOC
B.1.1.353,B,Not a VOC
B.1.1.354,B,Not a VOC
B.1.1.355,B,Not a VOC
B.1.1.356,B,Not a VOC
B.1.1.358,B,Not a VOC
B.1.1.359,B,Not a VOC
B.1.1.360,B,Not a VOC
B.1.1.361,B,Not a VOC
B.1.1.362,B,Not a VOC
B.1.1.363,B,Not a VOC
B.1.1.364,B,Not a VOC
B.1.1.365,B,Not a VOC
B.1.1.367,B,Not a VOC
B.1.1.368,B,Not a VOC
B.1.1.369,B,Not a VOC
B.1.1.37,B,Not a VOC
B.1.1.371,B,Not a VOC
B.1.1.372,B,Not a VOC
B.1.1.373,B,Not a VOC
B.1.1.374,B,Not a VOC
B.1.1.375,B,Not a VOC
B.1.1.376,B,Not a VOC
B.1.1.378,B,Not a VOC
B.1.1.379,B,Not a VOC
B.1.1.38,B,Not a VOC
B.1.1.380,B,Not a VOC
B.1.1.381,B,Not a VOC
B.1.1.382,B,Not a VOC
B.1.1.383,B,Not a VOC
B.1.1.384,B,Not a VOC
B.1.1.385,B,Not a VOC
B.1.1.388,B,Not a VOC
B.1.1.389,B,Not a VOC
B.1.1.39,B,Not a VOC
B.1.1.392,B,Not a VOC
B.1.1.395,B,Not a VOC
B.1.1.396,B,Not a VOC
B.1.1.397,B,Not a VOC
B.1.1.398,B,Not a VOC
B.1.1.4,B,Not a VOC
B.1.1.40,B,Not a VOC
B.1.1.402,B,Not a VOC
B.1.1.403,B,Not a VOC
B.1.1.404,B,Not a VOC
B.1.1.406,B,Not a VOC
B.1.1.408,B,Not a VOC
B.1.1.41,B,Not a VOC
B.1.1.413,B,Not a VOC
B.1.1.416,B,Not a VOC
B.1.1.418,B,Not a VOC
B.1.1.420,B,Not a VOC
B.1.1.421,B,Not a VOC
B.1.1.423,B,Not a VOC
B.1.1.425,B,Not a VOC
B.1.1.426,B,Not a VOC
B.1.1.428,B,Not a VOC
B.1.1.429,B,Not a VOC
B.1.1.43,B,Not a VOC
B.1.1.432,B,Not a VOC
B.1.1.434,B,Not a VOC
B.1.1.437,B,Not a VOC
B.1.1.438,B,Not a VOC
B.1.1.44,B,Not a VOC
B.1.1.440,B,Not a VOC
B.1.1.441,B,Not a VOC
B.1.1.445,B,Not a VOC
B.1.1.447,B,Not a VOC
B.1.1.448,B,Not a VOC
B.1.1.45,B,Not a VOC
B.1.1.450,B,Not a VOC
B.1.1.453,B,Not a VOC
B.1.1.458,B,Not a VOC
B.1.1.459,B,Not a VOC
B.1.1.46,B,Not a VOC
B.1.1.461,B,Not a VOC
B.1.1.463,B,Not a VOC
B.1.1.464,B,Not a VOC
B.1.1.467,B,Not a VOC
B.1.1.47,B,Not a VOC
B.1.1.48,B,Not a VOC
B.1.1.480,B,Not a VOC
B.1.1.482,B,Not a VOC
B.1.1.485,B,Not a VOC
B.1.1.486,B,Not a VOC
B.1.1.487,B,Not a VOC
B.1.1.49,B,Not a VOC
B.1.1.5,B,Not a VOC
B.1.1.50,B,Not a VOC
B.1.1.500,B,Not a VOC
B.1.1.506,B,Not a VOC
B.1.1.507,B,Not a VOC
B.1.1.51,B,Not a VOC
B.1.1.512,B,Not a VOC
B.1.1.513,B,Not a VOC
B.1.1.514,B,Not a VOC
B.1.1.517,B,Not a VOC
B.1.1.518,B,Not a VOC
B.1.1.519,B,Not a VOC
B.1.1.521,B,Not a VOC
B.1.1.523,B,Not a VOC
B.1.1.524,B,Not a VOC
B.1.1.525,B,Not a VOC
B.1.1.528,B,Not a VOC
B.1.1.529,B,Not a VOC
B.1.1.54,B,Not a VOC
B.1.1.55,B,Not a VOC
B.1.1.57,B,Not a VOC
B.1.1.58,B,Not a VOC
B.1.1.59,B,Not a VOC
B.1.1.61,B,Not a VOC
B.1.1.63,B,Not a VOC
B.1.1.67,B,Not a VOC
B.1.1.7,B.1.1.7,Alpha
B.1.1.70,B,Not a VOC
B.1.1.71,B,Not a VOC
B.1.1.72,B,Not a VOC
B.1.1.74,B,Not a VOC
B.1.1.75,B,Not a VOC
B.1.1.77,B,Not a VOC
B.1.1.8,B,Not a VOC
B.1.1.82,B,Not a VOC
B.1.1.83,B,Not a VOC
B.1.1.86,B,Not a VOC
B.1.1.88,B,Not a VOC
B.1.1.89,B,Not a VOC
B.1.1.92,B,Not a VOC
B.1.1.93,B,Not a VOC
B.1.1.95,B,Not a VOC
B.1.1.97,B,Not a VOC
B.1.1.98,B,Not a VOC
B.1.103,B,Not a VOC
B.1.104,B,Not a VOC
B.1.105,B,Not a VOC
B.1.106,B,Not a VOC
B.1.108,B,Not a VOC
B.1.110,B,Not a VOC
B.1.110.1,B,Not a VOC
B.1.110.2,B,Not a VOC
B.1.110.3,B,Not a VOC
B.1.111,B,Not a VOC
B.1.112,B,Not a VOC
B.1.113,B,Not a VOC
B.1.115,B,Not a VOC
B.1.116,B,Not a VOC
B.1.117,B,Not a VOC
B.1.12,B,Not a VOC
B.1.120,B,Not a VOC
B.1.124,B,Not a VOC
B.1.126,B,Not a VOC
B.1.127,B,Not a VOC
B.1.128,B,Not a VOC
B.1.13,B,Not a VOC
B.1.131,B,Not a VOC
B.1.134,B,Not a VOC
B.1.137,B,Not a VOC
B.1.139,B,Not a VOC
B.1.14,B,Not a VOC
B.1.142,B,Not a VOC
B.1.143,B,Not a VOC
B.1.145,B,Not a VOC
B.1.146,B,Not a VOC
B.1.147,B,Not a VOC
B.1.151,B,Not a VOC
B.1.153,B,Not a VOC
B.1.157,B,Not a VOC
B.1.159,B,Not a VOC
B.1.160,B,Not a VOC
B.1.160.10,B,Not a VOC
B.1.160.11,B,Not a VOC
B.1.160.12,B,Not a VOC
B.1.160.13,B,Not a VOC
B.1.160.15,B,Not a VOC
B.1.160.19,B,Not a VOC
B.1.160.20,B,Not a VOC
B.1.160.22,B,Not a VOC
B.1.160.23,B,Not a VOC
B.1.160.25,B,Not a VOC
B.1.160.26,B,Not a VOC
B.1.160.28,B,Not a VOC
B.1.160.29,B,Not a VOC
B.1.160.30,B,Not a VOC
B.1.160.31,B,Not a VOC
B.1.160.32,B,Not a VOC
B.1.160.33,B,Not a VOC
B.1.160.7,B,Not a VOC
B.1.160.9,B,Not a VOC
B.1.161,B,Not a VOC
B.1.162,B,Not a VOC
B.1.163,B,Not a VOC
B.1.164,B,Not a VOC
B.1.165,B,Not a VOC
B.1.166,B,Not a VOC
B.1.167,B,Not a VOC
B.1.168,B,Not a VOC
B.1.170,B,Not a VOC
B.1.173,B,Not a VOC
B.1.177,B,Not a VOC
B.1.177.10,B,Not a VOC
B.1.177.11,B,Not a VOC
B.1.177.12,B,Not a VOC
B.1.177.15,B,Not a VOC
B.1.177.16,B,Not a VOC
B.1.177.17,B,Not a VOC
B.1.177.18,B,Not a VOC
B.1.177.19,B,Not a VOC
B.1.177.2,B,Not a VOC
B.1.177.20,B,Not a VOC
B.1.177.21,B,Not a VOC
B.1.177.23,B,Not a VOC
B.1.177.24,B,Not a VOC
B.1.177.25,B,Not a VOC
B.1.177.26,B,Not a VOC
B.1.177.28,B,Not a VOC
B.1.177.3,B,Not a VOC
B.1.177.30,B,Not a VOC
B.1.177.31,B,Not a VOC
B.1.177.32,B,Not a VOC
B.1.177.33,B,Not a VOC
B.1.177.35,B,Not a VOC
B.1.177.39,B,Not a VOC
B.1.177.4,B,Not a VOC
B.1.177.40,B,Not a VOC
B.1.177.43,B,Not a VOC
B.1.177.44,B,Not a VOC
B.1.177.45,B,Not a VOC
B.1.177.47,B,Not a VOC
B.1.177.48,B,Not a VOC
B.1.177.5,B,Not a VOC
B.1.177.50,B,Not a VOC
B.1.177.51,B,Not a VOC
B.1.177.52,B,Not a VOC
B.1.177.53,B,Not a VOC
B.1.177.54,B,Not a VOC
B.1.177.55,B,Not a VOC
B.1.177.56,B,Not a VOC
B.1.177.57,B,Not a VOC
B.1.177.58,B,Not a VOC
B.1.177.59,B,Not a VOC
B.1.177.6,B,Not a VOC
B.1.177.60,B,Not a VOC
B.1.177.62,B,Not a VOC
B.1.177.63,B,Not a VOC
B.1.177.65,B,Not a VOC
B.1.177.67,B,Not a VOC
B.1.177.69,B,Not a VOC
B.1.177.7,B,Not a VOC
B.1.177.71,B,Not a VOC
B.1.177.72,B,Not a VOC
B.1.177.73,B,Not a VOC
B.1.177.74,B,Not a VOC
B.1.177.75,B,Not a VOC
B.1.177.76,B,Not a VOC
B.1.177.77,B,Not a VOC
B.1.177.8,B,Not a VOC
B.1.177.81,B,Not a VOC
B.1.177.82,B,Not a VOC
B.1.177.83,B,Not a VOC
B.1.177.84,B,Not a VOC
B.1.177.85,B,Not a VOC
B.1.177.86,B,Not a VOC
B.1.177.87,B,Not a VOC
B.1.177.89,B,Not a VOC
B.1.177.9,B,Not a VOC
B.1.178,B,Not a VOC
B.1.179,B,Not a VOC
B.1.180,B,Not a VOC
B.1.181,B,Not a VOC
B.1.182,B,Not a VOC
B.1.184,B,Not a VOC
B.1.187,B,Not a VOC
B.1.188,B,Not a VOC
B.1.189,B,Not a VOC
B.1.190,B,Not a VOC
B.1.194,B,Not a VOC
B.1.195,B,Not a VOC
B.1.198,B,Not a VOC
B.1.199,B,Not a VOC
B.1.2,B,Not a VOC
B.1.201,B,Not a VOC
B.1.203,B,Not a VOC
B.1.205,B,Not a VOC
B.1.206,B,Not a VOC
B.1.208,B,Not a VOC
B.1.210,B,Not a VOC
B.1.211,B,Not a VOC
B.1.213,B,Not a VOC
B.1.214,B,Not a VOC
B.1.215,B,Not a VOC
B.1.218,B,Not a VOC
B.1.219,B,Not a VOC
B.1.22,B,Not a VOC
B.1.220,B,Not a VOC
B.1.221,B,Not a VOC
B.1.221.1,B,Not a VOC
B.1.221.2,B,Not a VOC
B.1.221.3,B,Not a VOC
B.1.221.4,B,Not a VOC
B.1.222,B,Not a VOC
B.1.223,B,Not a VOC
B.1.225,B,Not a VOC
B.1.229,B,Not a VOC
B.1.23,B,Not a VOC
B.1.231,B,Not a VOC
B.1.232,B,Not a VOC
B.1.233,B,Not a VOC
B.1.234,B,Not a VOC
B.1.235,B,Not a VOC
B.1.236,B,Not a VOC
B.1.238,B,Not a VOC
B.1.239,B,Not a VOC
B.1.240,B,Not a VOC
B.1.240.2,B,Not a VOC
B.1.241,B,Not a VOC
B.1.243,B,Not a VOC
B.1.243.1,B,Not a VOC
B.1.243.2,B,Not a VOC
B.1.245,B,Not a VOC
B.1.248,B,Not a VOC
B.1.249,B,Not a VOC
B.1.250,B,Not a VOC
B.1.251,B,Not a VOC
B.1.252,B,Not a VOC
B.1.254,B,Not a VOC
B.1.256,B,Not a VOC
B.1.258,B,Not a VOC
B.1.258.10,B,Not a VOC
B.1.258.11,B,Not a VOC
B.1.258.12,B,Not a VOC
B.1.258.14,B,Not a VOC
B.1.258.17,B,Not a VOC
B.1.258.2,B,Not a VOC
B.1.258.22,B,Not a VOC
B.1.258.23,B,Not a VOC
B.1.258.3,B,Not a VOC
B.1.258.4,B,Not a VOC
B.1.258.5,B,Not a VOC
B.1.258.6,B,Not a VOC
B.1.258.7,B,Not a VOC
B.1.264,B,Not a VOC
B.1.265,B,Not a VOC
B.1.267,B,Not a VOC
B.1.268,B,Not a VOC
B.1.273,B,Not a VOC
B.1.274,B,Not a VOC
B.1.276,B,Not a VOC
B.1.277,B,Not a VOC
B.1.280,B,Not a VOC
B.1.281,B,Not a VOC
B.1.282,B,Not a VOC
B.1.287,B,Not a VOC
B.1.289,B,Not a VOC
B.1.293,B,Not a VOC
B.1.294,B,Not a VOC
B.1.298,B,Not a VOC
B.1.3,B,Not a VOC
B.1.301,B,Not a VOC
B.1.302,B,Not a VOC
B.1.304,B,Not a VOC
B.1.305,B,Not a VOC
B.1.306,B,Not a VOC
B.1.309,B,Not a VOC
B.1.310,B,Not a VOC
B.1.311,B,Not a VOC
B.1.313,B,Not a VOC
B.1.314,B,Not a VOC
B.1.315,B,Not a VOC
B.1.318,B,Not a VOC
B.1.319,B,Not a VOC
B.1.320,B,Not a VOC
B.1.321,B,Not a VOC
B.1.323,B,Not a VOC
B.1.324,B,Not a VOC
B.1.325,B,Not a VOC
B.1.328,B,Not a VOC
B.1.329,B,Not a VOC
B.1.330,B,Not a VOC
B.1.332,B,Not a VOC
B.1.333,B,Not a VOC
B.1.334,B,Not a VOC
B.1.335,B,Not a VOC
B.1.336,B,Not a VOC
B.1.337,B,Not a VOC
B.1.338,B,Not a VOC
B.1.340,B,Not a VOC
B.1.341,B,Not a VOC
B.1.342,B,Not a VOC
B.1.344,B,Not a VOC
B.1.346,B,Not a VOC
B.1.348,B,Not a VOC
B.1.349,B,Not a VOC
B.1.35,B,Not a VOC
B.1.350,B,Not a VOC
B.1.350.1,B,Not a VOC
B.1.351,B.1.351,Beta
B.1.351.2,B.1.351,Beta
B.1.351.3,B.1.351,Beta
B.1.351.5,B.1.351,Beta
B.1.355,B,Not a VOC
B.1.356,B,Not a VOC
B.1.359,B,Not a VOC
B.1.36,B,Not a VOC
B.1.36.1,B,Not a VOC
B.1.36.10,B,Not a VOC
B.1.36.12,B,Not a VOC
B.1.36.16,B,Not a VOC
B.1.36.17,B,Not a VOC
B.1.36.18,B,Not a VOC
B.1.36.19,B,Not a VOC
B.1.36.2,B,Not a VOC
B.1.36.20,B,Not a VOC
B.1.36.21,B,Not a VOC
B.1.36.22,B,Not a VOC
B.1.36.23,B,Not a VOC
B.1.36.24,B,Not a VOC
B.1.36.26,B,Not a VOC
B.1.36.27,B,Not a VOC
B.1.36.28,B,Not a VOC
B.1.36.29,B,Not a VOC
B.1.36.31,B,Not a VOC
B.1.36.34,B,Not a VOC
B.1.36.35,B,Not a VOC
B.1.36.38,B,Not a VOC
B.1.36.39,B,Not a VOC
B.1.36.7,B,Not a VOC
B.1.36.8,B,Not a VOC
B.1.36.9,B,Not a VOC
B.1.360,B,Not a VOC
B.1.361,B,Not a VOC
B.1.362,B,Not a VOC
B.1.362.1,B,Not a VOC
B.1.362.2,B,Not a VOC
B.1.363,B,Not a VOC
B.1.366,B,Not a VOC
B.1.367,B,Not a VOC
B.1.369,B,Not a VOC
B.1.37,B,Not a VOC
B.1.370,B,Not a VOC
B.1.372,B,Not a VOC
B.1.375,B,Not a VOC
B.1.377,B,Not a VOC
B.1.378,B,Not a VOC
B.1.379,B,Not a VOC
B.1.38,B,Not a VOC
B.1.381,B,Not a VOC
B.1.382,B,Not a VOC
B.1.383,B,Not a VOC
B.1.384,B,Not a VOC
B.1.385,B,Not a VOC
B.1.389,B,Not a VOC
B.1.39,B,Not a VOC
B.1.390,B,Not a VOC
B.1.391,B,Not a VOC
B.1.393,B,Not a VOC
B.1.395,B,Not a VOC
B.1.396,B,Not a VOC
B.1.397,B,Not a VOC
B.1.398,B,Not a VOC
B.1.399,B,Not a VOC
B.1.40,B,Not a VOC
B.1.400,B,Not a VOC
B.1.400.1,B,Not a VOC
B.1.401,B,Not a VOC
B.1.402,B,Not a VOC
B.1.403,B,Not a VOC
B.1.404,B,Not a VOC
B.1.405,B,Not a VOC
B.1.407,B,Not a VOC
B.1.408,B,Not a VOC
B.1.409,B,Not a VOC
B.1.411,B,Not a VOC
B.1.413,B,Not a VOC
B.1.415,B,Not a VOC
B.1.415.1,B,Not a VOC
B.1.416,B,Not a VOC
B.1.416.1,B,Not a VOC
B.1.418,B,Not a VOC
B.1.420,B,Not a VOC
B.1.421,B,Not a VOC
B.1.423,B,Not a VOC
B.1.424,B,Not a VOC
B.1.425,B,Not a VOC
B.1.426,B,Not a VOC
B.1.427,B.1.427,Epsilon
B.1.428,B,Not a VOC
B.1.428.1,B,Not a VOC
B.1.428.2,B,Not a VOC
B.1.428.3,B,Not a VOC
B.1.429,B.1.429,Epsilon
B.1.429.1,B.1.429,Epsilon
B.1.431,B,Not a VOC
B.1.433,B,Not a VOC
B.1.435,B,Not a VOC
B.1.436,B,Not a VOC
B.1.437,B,Not a VOC
B.1.438,B,Not a VOC
B.1.438.1,B,Not a VOC
B.1.438.3,B,Not a VOC
B.1.438.4,B,Not a VOC
B.1.439,B,Not a VOC
B.1.44,B,Not a VOC
B.1.441,B,Not a VOC
B.1.442,B,Not a VOC
B.1.443,B,Not a VOC
B.1.444,B,Not a VOC
B.1.445,B,Not a VOC
B.1.448,B,Not a VOC
B.1.450,B,Not a VOC
B.1.451,B,Not a VOC
B.1.452,B,Not a VOC
B.1.453,B,Not a VOC
B.1.456,B,Not a VOC
B.1.459,B,Not a VOC
B.1.460,B,Not a VOC
B.1.462,B,Not a VOC
B.1.463,B,Not a VOC
B.1.465,B,Not a VOC
B.1.466,B,Not a VOC
B.1.466.1,B,Not a VOC
B.1.466.2,B,Not a VOC
B.1.467,B,Not a VOC
B.1.468,B,Not a VOC
B.1.469,B,Not a VOC
B.1.470,B,Not a VOC
B.1.471,B,Not a VOC
B.1.473,B,Not a VOC
B.1.474,B,Not a VOC
B.1.478,B,Not a VOC
B.1.479,B,Not a VOC
B.1.480,B,Not a VOC
B.1.483,B,Not a VOC
B.1.485,B,Not a VOC
B.1.487,B,Not a VOC
B.1.489,B,Not a VOC
B.1.491,B,Not a VOC
B.1.492,B,Not a VOC
B.1.493,B,Not a VOC
B.1.494,B,Not a VOC
B.1.495,B,Not a VOC
B.1.496,B,Not a VOC
B.1.497,B,Not a VOC
B.1.498,B,Not a VOC
B.1.499,B,Not a VOC
B.1.499.1,B,Not a VOC
B.1.500,B,Not a VOC
B.1.501,B,Not a VOC
B.1.502,B,Not a VOC
B.1.503,B,Not a VOC
B.1.504,B,Not a VOC
B.1.505,B,Not a VOC
B.1.507,B,Not a VOC
B.1.508,B,Not a VOC
B.1.509,B,Not a VOC
B.1.510,B,Not a VOC
B.1.511,B,Not a VOC
B.1.513,B,Not a VOC
B.1.515,B,Not a VOC
B.1.516,B,Not a VOC
B.1.517,B,Not a VOC
B.1.520,B,Not a VOC
B.1.521,B,Not a VOC
B.1.523,B,Not a VOC
B.1.524,B,Not a VOC
B.1.525,B.1.525,Eta
B.1.526,B.1.526,Iota
B.1.530,B,Not a VOC
B.1.531,B,Not a VOC
B.1.532,B,Not a VOC
B.1.533,B,Not a VOC
B.1.539,B,Not a VOC
B.1.541,B,Not a VOC
B.1.543,B,Not a VOC
B.1.544,B,Not a VOC
B.1.545,B,Not a VOC
B.1.546,B,Not a VOC
B.1.548,B,Not a VOC
B.1.549,B,Not a VOC
B.1.550,B,Not a VOC
B.1.551,B,Not a VOC
B.1.552,B,Not a VOC
B.1.554,B,Not a VOC
B.1.556,B,Not a VOC
B.1.557,B,Not a VOC
B.1.558,B,Not a VOC
B.1.559,B,Not a VOC
B.1.560,B,Not a VOC
B.1.561,B,Not a VOC
B.1.562,B,Not a VOC
B.1.563,B,Not a VOC
B.1.564,B,Not a VOC
B.1.564.1,B,Not a VOC
B.1.565,B,Not a VOC
B.1.567,B,Not a VOC
B.1.568,B,Not a VOC
B.1.569,B,Not a VOC
B.1.570,B,Not a VOC
B.1.571,B,Not a VOC
B.1.572,B,Not a VOC
B.1.574,B,Not a VOC
B.1.575,B,Not a VOC
B.1.575.1,B,Not a VOC
B.1.576,B,Not a VOC
B.1.577,B,Not a VOC
B.1.578,B,Not a VOC
B.1.579,B,Not a VOC
B.1.580,B,Not a VOC
B.1.581,B,Not a VOC
B.1.582,B,Not a VOC
B.1.585,B,Not a VOC
B.1.586,B,Not a VOC
B.1.587,B,Not a VOC
B.1.588,B,Not a VOC
B.1.589,B,Not a VOC
B.1.590,B,Not a VOC
B.1.591,B,Not a VOC
B.1.594,B,Not a VOC
B.1.595,B,Not a VOC
B.1.595.1,B,Not a VOC
B.1.595.2,B,Not a VOC
B.1.595.3,B,Not a VOC
B.1.595.4,B,Not a VOC
B.1.596,B,Not a VOC
B.1.596.1,B,Not a VOC
B.1.597,B,Not a VOC
B.1.599,B,Not a VOC
B.1.6,B,Not a VOC
B.1.600,B,Not a VOC
B.1.601,B,Not a VOC
B.1.602,B,Not a VOC
B.1.603,B,Not a VOC
B.1.604,B,Not a VOC
B.1.605,B,Not a VOC
B.1.606,B,Not a VOC
B.1.607,B,Not a VOC
B.1.609,B,Not a VOC
B.1.610,B,Not a VOC
B.1.617.1,B.1.617.1,Kappa
B.1.617.3,B,Not a VOC
B.1.618,B,Not a VOC
B.1.619,B,Not a VOC
B.1.619.1,B,Not a VOC
B.1.620,B,Not a VOC
B.1.621,B.1.621,Mu
B.1.621.1,B.1.621,Mu
B.1.621.2,B.1.621,Mu
B.1.623,B,Not a VOC
B.1.625,B,Not a VOC
B.1.626,B,Not a VOC
B.1.627,B,Not a VOC
B.1.629,B,Not a VOC
B.1.630,B,Not a VOC
B.1.631,B,Not a VOC
B.1.632,B,Not a VOC
B.1.634,B,Not a VOC
B.1.635,B,Not a VOC
B.1.636,B,Not a VOC
B.1.637,B,Not a VOC
B.1.637.1,B,Not a VOC
B.1.639,B,Not a VOC
B.1.640,B,Not a VOC
B.1.640.1,B,Not a VOC
B.1.640.2,B,Not a VOC
B.1.67,B,Not a VOC
B.1.69,B,Not a VOC
B.1.70,B,Not a VOC
B.1.76,B,Not a VOC
B.1.77,B,Not a VOC
B.1.78,B,Not a VOC
B.1.8,B,Not a VOC
B.1.81,B,Not a VOC
B.1.88.1,B,Not a VOC
B.1.9,B,Not a VOC
B.1.9.1,B,Not a VOC
B.1.9.2,B,Not a VOC
B.1.9.4,B,Not a VOC
B.1.9.5,B,Not a VOC
B.1.91,B,Not a VOC
B.1.93,B,Not a VOC
B.1.96,B,Not a VOC
B.1.97,B,Not a VOC
Q.1,B.1.1.7,Alpha
Q.2,B.1.1.7,Alpha
Q.3,B.1.1.7,Alpha
Q.4,B.1.1.7,Alpha
Q.6,B.1.1.7,Alpha
Q.7,B.1.1.7,Alpha
Q.8,B.1.1.7,Alpha
BB.1,B.1.621,Mu
BB.2,B.1.621,Mu
B.10,B,Not a VOC
B.11,B,Not a VOC
B.12,B,Not a VOC
B.13,B,Not a VOC
B.15,B,Not a VOC
B.18,B,Not a VOC
B.19,B,Not a VOC
B.20,B,Not a VOC
B.23,B,Not a VOC
B.26,B,Not a VOC
B.27,B,Not a VOC
B.28,B,Not a VOC
B.29,B,Not a VOC
B.3,B,Not a VOC
B.3.1,B,Not a VOC
B.30,B,Not a VOC
B.31,B,Not a VOC
B.32,B,Not a VOC
B.33,B,Not a VOC
B.34,B,Not a VOC
B.35,B,Not a VOC
B.37,B,Not a VOC
B.39,B,Not a VOC
B.4,B,Not a VOC
B.4.4,B,Not a VOC
B.4.5,B,Not a VOC
B.4.6,B,Not a VOC
B.4.7,B,Not a VOC
B.4.8,B,Not a VOC
B.40,B,Not a VOC
B.41,B,Not a VOC
B.42,B,Not a VOC
B.43,B,Not a VOC
B.45,B,Not a VOC
B.46,B,Not a VOC
B.47,B,Not a VOC
B.5,B,Not a VOC
B.51,B,Not a VOC
B.52,B,Not a VOC
B.55,B,Not a VOC
B.57,B,Not a VOC
B.58,B,Not a VOC
B.59,B,Not a VOC
B.6,B,Not a VOC
B.6.6,B,Not a VOC
B.60,B,Not a VOC
B.61,B,Not a VOC
BA.1,BA.1,Omicron
BA.1.1,BA.1,Omicron
BA.1.1.1,BA.1,Omicron
BA.1.1.10,BA.1,Omicron
BA.1.1.11,BA.1,Omicron
BA.1.1.12,BA.1,Omicron
BA.1.1.13,BA.1,Omicron
BA.1.1.14,BA.1,Omicron
BA.1.1.15,BA.1,Omicron
BA.1.1.16,BA.1,Omicron
BA.1.1.17,BA.1,Omicron
BA.1.1.18,BA.1,Omicron
BA.1.1.2,BA.1,Omicron
BA.1.1.3,BA.1,Omicron
BA.1.1.4,BA.1,Omicron
BA.1.1.5,BA.1,Omicron
BA.1.1.6,BA.1,Omicron
BA.1.1.7,BA.1,Omicron
BA.1.1.8,BA.1,Omicron
BA.1.1.9,BA.1,Omicron
BA.1.10,BA.1,Omicron
BA.1.12,BA.1,Omicron
BA.1.13,BA.1,Omicron
BA.1.13.1,BA.1,Omicron
BA.1.14,BA.1,Omicron
BA.1.14.1,BA.1,Omicron
BA.1.14.2,BA.1,Omicron
BA.1.15,BA.1,Omicron
BA.1.15.1,BA.1,Omicron
BA.1.15.2,BA.1,Omicron
BA.1.16,BA.1,Omicron
BA.1.16.1,BA.1,Omicron
BA.1.16.2,BA.1,Omicron
BA.1.17,BA.1,Omicron
BA.1.17.1,BA.1,Omicron
BA.1.17.2,BA.1,Omicron
BA.1.18,BA.1,Omicron
BA.1.19,BA.1,Omicron
BA.1.20,BA.1,Omicron
BA.1.21,BA.1,Omicron
BA.1.21.1,BA.1,Omicron
BA.1.23,BA.1,Omicron
BA.1.3,BA.1,Omicron
BA.1.4,BA.1,Omicron
BA.1.5,BA.1,Omicron
BA.1.6,BA.1,Omicron
BA.1.7,BA.1,Omicron
BA.1.8,BA.1,Omicron
BA.1.9,BA.1,Omicron
BA.2,BA.2,Omicron (BA.2)
BA.2.1,BA.2,Omicron (BA.2)
BA.2.10,BA.2,Omicron (BA.2)
BA.2.10.1,BA.2,Omicron (BA.2)
BA.2.10.2,BA.2,Omicron (BA.2)
BA.2.10.3,BA.2,Omicron (BA.2)
BA.2.11,BA.2,Omicron (BA.2)
BA.2.12,BA.2,Omicron (BA.2)
BA.2.12.1,BA.2.12.1,Omicron (BA.2.12.1)
BA.2.13,BA.2,Omicron (BA.2)
BA.2.14,BA.2,Omicron (BA.2)
BA.2.15,BA.2,Omicron (BA.2)
BA.2.16,BA.2,Omicron (BA.2)
BA.2.17,BA.2,Omicron (BA.2)
BA.2.18,BA.2,Omicron (BA.2)
BA.2.19,BA.2,Omicron (BA.2)
BA.2.2,BA.2,Omicron (BA.2)
BA.2.20,BA.2,Omicron (BA.2)
BA.2.21,BA.2,Omicron (BA.2)
BA.2.22,BA.2,Omicron (BA.2)
BA.2.23,BA.2,Omicron (BA.2)
BA.2.23.1,BA.2,Omicron (BA.2)
BA.2.24,BA.2,Omicron (BA.2)
BA.2.25,BA.2,Omicron (BA.2)
BA.2.25.1,BA.2,Omicron (BA.2)
BA.2.26,BA.2,Omicron (BA.2)
BA.2.27,BA.2,Omicron (BA.2)
BA.2.28,BA.2,Omicron (BA.2)
BA.2.29,BA.2,Omicron (BA.2)
BA.2.3,BA.2,Omicron (BA.2)
BA.2.3.1,BA.2,Omicron (BA.2)
BA.2.3.2,BA.2,Omicron (BA.2)
BA.2.3.4,BA.2,Omicron (BA.2)
BA.2.3.5,BA.2,Omicron (BA.2)
BA.2.3.6,BA.2,Omicron (BA.2)
BA.2.3.7,BA.2,Omicron (BA.2)
BA.2.30,BA.2,Omicron (BA.2)
BA.2.31,BA.2,Omicron (BA.2)
BA.2.32,BA.2,Omicron (BA.2)
BA.2.33,BA.2,Omicron (BA.2)
BA.2.34,BA.2,Omicron (BA.2)
BA.2.35,BA.2,Omicron (BA.2)
BA.2.36,BA.2,Omicron (BA.2)
BA.2.37,BA.2,Omicron (BA.2)
BA.2.38,BA.2,Omicron (BA.2)
BA.2.39,BA.2,Omicron (BA.2)
BA.2.4,BA.2,Omicron (BA.2)
BA.2.40,BA.2,Omicron (BA.2)
BA.2.40.1,BA.2,Omicron (BA.2)
BA.2.41,BA.2,Omicron (BA.2)
BA.2.42,BA.2,Omicron (BA.2)
BA.2.44,BA.2,Omicron (BA.2)
BA.2.45,BA.2,Omicron (BA.2)
BA.2.46,BA.2,Omicron (BA.2)
BA.2.47,BA.2,Omicron (BA.2)
BA.2.48,BA.2,Omicron (BA.2)
BA.2.49,BA.2,Omicron (BA.2)
BA.2.5,BA.2,Omicron (BA.2)
BA.2.50,BA.2,Omicron (BA.2)
BA.2.51,BA.2,Omicron (BA.2)
BA.2.52,BA.2,Omicron (BA.2)
BA.2.53,BA.2,Omicron (BA.2)
BA.2.54,BA.2,Omicron (BA.2)
BA.2.55,BA.2,Omicron (BA.2)
BA.2.56,BA.2,Omicron (BA.2)
BA.2.6,BA.2,Omicron (BA.2)
BA.2.7,BA.2,Omicron (BA.2)
BA.2.8,BA.2,Omicron (BA.2)
BA.2.9,BA.2,Omicron (BA.2)
BA.2.9.1,BA.2,Omicron (BA.2)
BA.2.9.2,BA.2,Omicron (BA.2)
BA.2.9.3,BA.2,Omicron (BA.2)
BA.2.9.4,BA.2,Omicron (BA.2)
BA.3,BA.3,Omicron
BA.3.1,BA.3,Omicron
BA.4,BA.4,Omicron (BA.4/BA.5)
BA.4.1,BA.4,Omicron (BA.4/BA.5)
BA.4.1.1,BA.4,Omicron (BA.4/BA.5)
BA.5,BA.5,Omicron (BA.4/BA.5)
BA.5.1,BA.5,Omicron (BA.4/BA.5)
BA.5.2,BA.5,Omicron (BA.4/BA.5)
BA.5.2.1,BA.5,Omicron (BA.4/BA.5)
BA.5.3,BA.5,Omicron (BA.4/BA.5)
BA.5.3.1,BA.5,Omicron (BA.4/BA.5)
BA.5.5,BA.5,Omicron (BA.4/BA.5)
BC.1,B,Not a VOC
BE.1,B,Not a VOC
BF.1,B,Not a VOC
C.1,B,Not a VOC
C.12,B,Not a VOC
C.13,B,Not a VOC
C.14,B,Not a VOC
C.16,B,Not a VOC
C.17,B,Not a VOC
C.18,B,Not a VOC
C.2,B,Not a VOC
C.2.1,B,Not a VOC
C.20,B,Not a VOC
C.23,B,Not a VOC
C.25,B,Not a VOC
C.26,B,Not a VOC
C.27,B,Not a VOC
C.28,B,Not a VOC
C.3,B,Not a VOC
C.30,B,Not a VOC
C.30.1,B,Not a VOC
C.31,B,Not a VOC
C.32,B,Not a VOC
C.33,B,Not a VOC
C.35,B,Not a VOC
C.36,B,Not a VOC
C.36.1,B,Not a VOC
C.36.2,B,Not a VOC
C.36.3,B,Not a VOC
C.36.3.1,B,Not a VOC
C.37,B,Not a VOC
C.37.1,B,Not a VOC
C.38,B,Not a VOC
C.4,B,Not a VOC
C.5,B,Not a VOC
D.2,B,Not a VOC
D.3,B,Not a VOC
D.4,B,Not a VOC
D.5,B,Not a VOC
G.1,B,Not a VOC
L.2,B,Not a VOC
L.3,B,Not a VOC
L.4,B,Not a VOC
M.2,B,Not a VOC
M.3,B,Not a VOC
N.1,B,Not a VOC
N.10,B,Not a VOC
N.2,B,Not a VOC
N.3,B,Not a VOC
N.4,B,Not a VOC
N.5,B,Not a VOC
N.6,B,Not a VOC
N.7,B,Not a VOC
N.8,B,Not a VOC
N.9,B,Not a VOC
P.1,P.1,Gamma
P.1.1,P.1,Gamma
P.1.10,P.1,Gamma
P.1.11,P.1,Gamma
P.1.12,P.1,Gamma
P.1.12.1,P.1,Gamma
P.1.13,P.1,Gamma
P.1.14,P.1,Gamma
P.1.15,P.1,Gamma
P.1.16,P.1,Gamma
P.1.17,P.1,Gamma
P.1.17.1,P.1,Gamma
P.1.2,P.1,Gamma
P.1.4,P.1,Gamma
P.1.7,P.1,Gamma
P.1.7.1,P.1,Gamma
P.1.8,P.1,Gamma
P.1.9,P.1,Gamma
P.2,P.2,Zeta
P.3,P.3,Theta
P.6,B.1.1.28,B.1.1.28
P.7,B.1.1.28,B.1.1.28
R.1,B,Not a VOC
R.2,B,Not a VOC
U.1,B,Not a VOC
U.3,B,Not a VOC
V.1,B,Not a VOC
V.2,B,Not a VOC
W.1,B,Not a VOC
W.2,B,Not a VOC
W.3,B,Not a VOC
W.4,B,Not a VOC
Y.1,B,Not a VOC
Z.1,B,Not a VOC
Unassigned,Unassigned,Unassigned
